Comando,NomeCat,IDProduto,CodProd,NomeProd,Peso,Descricao,DescrLonga,DescrURL,URLTarget,Estoque,EstoqueMinimo,Disponivel,ICMS,Custo,Preco,PrecoProm,PrecoB2B,PrecoB2BProm,DataPromInicio,DataPromFim,Lancamento,EmDestaque,ImagemProd,ImagemDet,ImagemAmp,Adicional1,Adicional2,Adicional3,AdicionalD1,AdicionalD2,AdicionalD3,Cores,OrdemProd,IDProdutoPai,RamoProd,MaisProd,DataVencimento,DiasAvisoVencimento,DiasReposicao,IDParceiroProd,DescrHTM,MetaKeywordsProd,MaxParcelasProd,XMLParcelasProd,CodBarrasProd,Embalavel,IsProdutoGrande,LarguraProd,AlturaProd,ProfundidadeProd,CodVideo,ProdMPN,TitleProd,URLProd,VendaConjunta,MetaDescriptionProd,IDsFiltroItem
"I","Calcinhas",5528600,"20003_M_PRETO","",50,"Calcinha em microfibra lisa, linda e confortável.","","",False,1,1,True,0,10.9,10.9,0,0,0,,,False,False,"","","","132246","","","","","","65687",0,5521175,,"",,,0,,"","",6,6,,True,False,0,0,0,"","1602","CALCINHA LPA3_20003_M_PRETO","calcinha-star-47402591","","",""
"I","Calcinhas",5528602,"20003_M_BRANCO","",50,"Calcinha em microfibra lisa, linda e confortável.","","",False,1,1,True,0,10.9,10.9,0,0,0,,,False,False,"","","","132246","","","","","","65688",0,5521175,,"",,,0,,"","",6,6,,True,False,0,0,0,"","1602","CALCINHA LPA3_20003_M_BRANCO","calcinha-star-98821657","","",""
"I","Calcinhas",5528629,"20002_G_ROSA","",50,"Versátil,delicada e veste muito bem e pode ser usada em todas as situações.","","",False,1,1,True,0,11.9,11.9,0,0,0,,,False,False,"","","","132247","","","","","","65972",0,5521161,,"",,,0,,"","",6,6,,True,False,0,0,0,"","47","CALCINHA LPA2_20002_G_ROSA","calcinha-flowers-76668948","","",""
"I","Calcinhas",5528632,"20002_M_VERMELH","",50,"Versátil,delicada e veste muito bem e pode ser usada em todas as situações.","","",False,1,1,True,0,11.9,11.9,0,0,0,,,False,False,"","","","132246","","","","","","65691",0,5521161,,"",,,0,,"","",6,6,,True,False,0,0,0,"","47","CALCINHA LPA2_20002_M_VERMELHO","calcinha-flowers-52714175","","",""
"I","Calcinhas",5530459,"20001_P_AZUL","",50,"Calcinha em microfibra lisa com detalhe em renda, linda e ideal para o dia a dia.","","",False,1,1,True,0,10.9,10.9,0,0,0,,,False,False,"","","","132245","","","","","","65686",0,5521160,,"",,,0,,"","",6,6,,True,False,0,0,0,"","A193","CALCINHA LPA1_20001_P_AZUL","calcinha-happy-620670","","",""
"I","Calcinhas",5530460,"20001_M_VERMELH","",50,"Calcinha em microfibra lisa com detalhe em renda, linda e ideal para o dia a dia.
","","",False,1,1,True,0,10.9,10.9,0,0,0,,,False,False,"","","","132246","","","","","","65691",0,5521160,,"",,,0,,"","",6,6,,True,False,0,0,0,"","A193","CALCINHA LPA1_20001_M_VERMELH","calcinha-happy-27184695","","",""
"I","Calcinhas",5530461,"20001_P_ROXO","",50,"Calcinha em microfibra lisa com detalhe em renda, linda e ideal para o dia a dia.","","",False,1,1,True,0,10.9,10.9,0,0,0,,,False,False,"","","","132245","","","","","","65972",0,5521160,,"",,,0,,"","",6,6,,True,False,0,0,0,"","A193","CALCINHA LPA1_20001_P_ROXO","calcinha-happy-47492617","","",""
"I","Calcinhas",5530463,"20001_M_AMARELO","",50,"Calcinha em microfibra lisa com detalhe em renda, linda e ideal para o dia a dia.","","",False,1,1,True,0,10.9,10.9,0,0,0,,,False,False,"","","","132246","","","","","","65971",0,5521160,,"",,,0,,"","",6,6,,True,False,0,0,0,"","A193","CALCINHA LPA1_20001_M_AMARELO","calcinha-happy-5366153","","",""
"I","Calcinhas",5530465,"20004_M_BRANCO","",50,"Calcinha modeladora de cotton com renda e super confortável!","","",False,1,1,True,0,19.99,19.99,0,0,0,,,False,False,"","","","132246","","","","","","65688",0,5530464,,"",,,0,,"","",6,6,,True,False,0,0,0,"","D44","CALCINHA LPA4_20004_M_BRANCO","calcinha-draw-73478335","","",""
"I","Calcinhas",5530466,"20004_G_ROSA","",50,"Calcinha modeladora de cotton com renda e super confortável!","","",False,1,1,True,0,19.99,19.99,0,0,0,,,False,False,"","","","132247","","","","","","65972",0,5530464,,"",,,0,,"","",6,6,,True,False,0,0,0,"","D44","CALCINHA LPA4_20004_G_ROSA","calcinha-draw-25602359","","",""
"I","Calcinhas",5530467,"20004_G_BRANCO","",50,"Calcinha modeladora de cotton com renda e super confortável","","",False,1,1,True,0,19.99,19.99,0,0,0,,,False,False,"","","","132247","","","","","","65688",0,5530464,,"",,,0,,"","",6,6,,True,False,0,0,0,"","D44","CALCINHA LPA4_20004_G_BRANCO","calcinha-draw-67577761","","",""
"I","Calcinhas",5530495,"20005_GG_VERDE","",50,"Calcinha em microfibra lisa com detalhe em renda nas laterais, Linda e confortável!","","",False,1,1,True,0,12.2,12.2,0,0,0,,,False,False,"","","","132248","","","","","","65689",0,5530493,,"",,,0,,"","",6,6,,True,False,0,0,0,"","D42","CALCINHA LPA5_20005_GG_VERDE","calcinha-tie-58942813","","",""
"I","Calcinhas",5530496,"20005_M_BRANCO","",50,"Calcinha em microfibra lisa com detalhe em renda nas laterais, Linda e confortável!","","",False,1,1,True,0,12.2,12.2,0,0,0,,,False,False,"","","","132246","","","","","","65688",0,5530493,,"",,,0,,"","",6,6,,True,False,0,0,0,"","D42","CALCINHA LPA5_20005_M_BRANCO","calcinha-tie-3278751","","",""
"I","Calcinhas",5530497,"20005_G_BRANCO","",50,"Calcinha em microfibra lisa com detalhe em renda nas laterais, Linda e confortável!","","",False,1,1,True,0,12.2,12.2,0,0,0,,,False,False,"","","","132247","","","","","","65688",0,5530493,,"",,,0,,"","",6,6,,True,False,0,0,0,"","D42","CALCINHA LPA5_20005_G_BRANCO","calcinha-tie-33674258","","",""
"I","Calcinhas",5530499,"20005_GG_BRANCO","",50,"Calcinha em microfibra lisa com detalhe em renda nas laterais, Linda e confortável!","","",False,1,1,True,0,12.2,12.2,0,0,0,,,False,False,"","","","132248","","","","","","65688",0,5530493,,"",,,0,,"","",6,6,,True,False,0,0,0,"","D42","CALSINHA LPA5_20005_GG_BRANCO","calcinha-tie-32435244","","",""
"I","Calcinhas",5530502,"20006_M_VERMEHO","",50,"Calcinha em microfibra lisa e renda, macia e confortável.","","",False,1,1,True,0,11.9,11.9,0,0,0,,,False,False,"","","","132246","","","","","","65691",0,5530500,,"",,,0,,"","",6,6,,True,False,0,0,0,"","M125","CALCINHA LPA6_20006_M_VERMEHO","calcinha-sun-98675173","","",""
"I","Calcinhas",5530504,"20006_M_BRANCO","",50,"Calcinha em microfibra lisa e renda, macia e confortável.","","",False,1,1,True,0,11.9,11.9,0,0,0,,,False,False,"","","","132246","","","","","","65688",0,5530500,,"",,,0,,"","",6,6,,True,False,0,0,0,"","M125","CALCINHA LPA6_20006_M_BRANCO","calcinha-sun-68551272","","",""
"I","Calcinhas",5530505,"20006_G_BRANCO","",50,"Calcinha em microfibra lisa e renda, macia e confortável.","","",False,1,1,True,0,11.9,11.9,0,0,0,,,False,False,"","","","132247","","","","","","65688",0,5530500,,"",,,0,,"","",6,6,,True,False,0,0,0,"","M125","CALCINHA LPA6_20006_G_BRANCO","calcinha-sun-55479068","","",""
"I","Calcinhas",5530506,"20006_P_PRETO","",50,"Calcinha em microfibra lisa e renda, macia e confortável.","","",False,1,1,True,0,11.9,11.9,0,0,0,,,False,False,"","","","132245","","","","","","65687",0,5530500,,"",,,0,,"","",6,6,,True,False,0,0,0,"","M125","CALCINHA LPA6_20006_P_PRETO","calcinha-sun-32706851","","",""
"I","Calcinhas",5530507,"20006_M_PRETO","",50,"Calcinha em microfibra lisa e renda, macia e confortável.","","",False,1,1,True,0,11.9,11.9,0,0,0,,,False,False,"","","","132246","","","","","","65687",0,5530500,,"",,,0,,"","",6,6,,True,False,0,0,0,"","M125","CALCINHA LPA6_20006_M_PRETO","calcinha-sun-8251590","","",""
"I","Calcinhas",5533998,"20007_P_VERMELH","",50,"Calcinha em microfibra e renda, linda e delicada, perfeita para todas as ocasiões.","","",False,2,1,True,0,9.99,9.99,0,0,0,,,False,False,"","","","132245","","","","","","65691",0,5533997,,"",,,0,,"","",6,6,,True,False,0,0,0,"","A170 ","CALCINHA LPA7_20007_P_VERMELH","lpa7-50986880","","",""
"I","Calcinhas",5533999,"20007_P_BRANCO","",50,"Calcinha em microfibra e renda, linda e delicada, perfeita para todas as ocasiões.","","",False,1,1,True,0,9.99,9.99,0,0,0,,,False,False,"","","","132245","","","","","","65688",0,5533997,,"",,,0,,"","",6,6,,True,False,0,0,0,"","A170 ","CALCINHA LPA7_20007_P_BRANCO","lpa7-32059878","","",""
"I","Calcinhas",5534000,"20007_M_VERMELH","",50,"Calcinha em microfibra e renda, linda e delicada, perfeita para todas as ocasiões.","","",False,1,1,True,0,9.99,9.99,0,0,0,,,False,False,"","","","132246","","","","","","65691",0,5533997,,"",,,0,,"","",6,6,,True,False,0,0,0,"","A170 ","CACINHA LPA7_20007_M_VERMELH","lpa7-23942203","","",""
"I","Calcinhas",5541544,"20002_M_BRANCO","",50,"Versátil,delicada e veste muito bem detalhes em preto. Pode ser usada em todas as situações.","","",False,1,1,True,0,11.9,11.9,0,0,0,,,False,False,"","","","132246","","","","","","65688",0,5521161,,"",,,0,,"","",6,6,,True,False,0,0,0,"","47","CALCINHA LPA2_20002_M_Branco","lpa2-79908389","","",""
"I","Calcinhas",5541545,"20002_G_BRANCO","",50,"Versátil,delicada e veste muito bem detalhes em preto. Pode ser usada em todas as situações.","","",False,0,1,True,0,11.9,11.9,0,0,0,,,False,False,"","","","132247","","","","","","65688",0,5521161,,"",,,0,,"","",6,6,,True,False,0,0,0,"","47","CALCINHA LPA2_20002_G_Branco","lpa2-77874392","","",""
"I","Calcinhas",5541546,"20002_M_ROSA","",50,"Versátil,delicada e veste muito bem e pode ser usada em todas as situações.","","",False,1,1,True,0,11.9,11.9,0,0,0,,,False,False,"","","","132246","","","","","","65972",0,5521161,,"",,,0,,"","",6,6,,True,False,0,0,0,"","47","CALCINHA LPA2_20002_M_ROSA","lpa2-40940493","","",""
"I","Calcinhas",5541919,"20008_M_BRANCO","",50,"Calesson todo em renda, fica linda no corpo e veste muito bem.","","",False,1,1,True,0,12.78,12.78,0,0,0,,,False,False,"","","","132246","","","","","","65688",0,5541918,,"",,,0,,"","",6,6,,True,False,0,0,0,""," 5237","CALCINHA LPA8_20008_M_Branco","calcinha-lpa8-74627322","","",""
"I","Calcinhas",5541920,"20008_M_ROSA","",50,"Calesson todo em renda, fica linda no corpo e veste muito bem.","","",False,1,1,True,0,12.78,12.78,0,0,0,,,False,False,"","","","132246","","","","","","65972",0,5541918,,"",,,0,,"","",6,6,,True,False,0,0,0,""," 5237","CALCINHA LPA8_20008_M_Rosa","calcinha-lpa8-88402956","","",""
"I","Calcinhas",5541921,"20008_G_PRETO","",50,"Calesson todo em renda, fica linda no corpo e veste muito bem.","","",False,1,1,True,0,12.78,12.78,0,0,0,,,False,False,"","","","132247","","","","","","65687",0,5541918,,"",,,0,,"","",6,6,,True,False,0,0,0,""," 5237","CALCINHA LPA8_20008_G_Preto","calcinha-lpa8-53825015","","",""
"I","Calcinhas",5616019,"20001_P_BRANCO","",50,"Calcinha em microfibra lisa com detalhe em renda, linda e ideal para o dia a dia.","","",False,0,1,True,0,10.9,10.9,0,0,0,,,False,False,"","","","132245","","","","","","65688",0,5521160,,"",,,0,,"","",6,6,,True,False,0,0,0,"","A193","CAMCINHA LPA1_20001_P_Branco","calcinha-lpa1-29058475","","",""
"I","Calcinhas",5616024,"20006_P_BRANCO ","",50,"Calcinha em microfibra lisa e renda, macia e confortável.","","",False,0,1,True,0,11.9,11.9,0,0,0,,,False,False,"","","","132245","","","","","","65688",0,5530500,,"",,,0,,"","",6,6,,True,False,0,0,0,"","M125","CALCINHA LPA6_20006_P_BRANCO","calcinha-lpa6-35410708","","",""
"I","Calcinhas",5521160,"20001","CALCINHA LPA1",50,"Calcinha em microfibra lisa com detalhe em renda, linda e ideal para o dia a dia.",". Microfibra lisa
. Detalhes em renda
. Com laço de cetim 5x5m
. Composto por:
82% poliamida
18% elastano 
forro 100% algodão
","",False,5,1,True,0,10.9,10.9,0,0,0,,,False,False,"LPA1_150.JPG","LPA1_350.JPG","LPA1_500.JPG","","","","Calcinha com detalhe em renda","","","",1,,674,"",,,0,,"","Calcinha,microfibra,renda,cetim,algodão,dia,noite,Happy,lingerie",6,6,,True,False,0,0,0,"","A193","LPA1","happy-22808475","","Calcinha em microfibra lisa,detalhe em renda, dia-dia,100% algodão,laço de cetim.",""
"I","Calcinhas",5521161,"20002","CALCINHA LPA2",50,"Versátil,delicada e veste muito bem e pode ser usada em todas as situações.",". Calcinha com elástico embutido.
. Composto por:
82% de poliamida 
18% de elastano
Forro 100% algodão
","",False,5,1,True,0,11.9,11.9,0,0,0,,,False,True,"LPA2_150.JPG","LPA2_350.JPG","LPA2_500.JPG","","","","Calcinha com elástico embutido","","","",0,,684,"",,,0,,"","CALCINHA,DELICADA,ALGODÃO,ELÁSTICO,TANGA",6,6,,True,False,0,0,0,"","47","CPA2","calcinha-flowers-77077883","","CALCINHA COM ELÁSTICO, DIA A DIA, 100% ALGODÃO",""
"I","Calcinhas",5521175,"20003","CALCINHA LPA3",50,"Calcinha em microfibra lisa, linda e confortável.",". Calcinha em microfibra lisa.
. Tem costura em três pontos.
. A pala é toda em renda.
. Tem a lateral larguinha deixando a peça ainda mais confortável.
Composta por:
 82% de poliéster
18% de elastano.
Forro 100% algodão.","",False,2,1,True,0,10.9,10.9,0,0,0,,,False,False,"LPA3_150.JPG","LPA3_350.JPG","LPA3_500.JPG","","","","Calcinha em microfibra lisa","","","",0,,674,"",,,0,,"","CALCINHA, MICROFIBRA,RENDA,ALGODÃO,",6,6,,True,False,0,0,0,"","1602","LPA3","calcinha-star-84215945","","CALCINHA MICROFIBRA, DETALHES EM RENDA,100% ALGODÃO",""
"I","Calcinhas",5530464,"20004","CALCINHA LPA4",50,"Calcinha modeladora de cotton com renda e super confortável!",". Calçola cós alto 
. Confeccionada em cotton lisa 
. Com renda
. Comprime a região abdominal
. Acabamento em elástico no viés
. Composto Por :
82% algodão
18% elastano 
Forro 100% algodão
","",False,3,1,True,0,19.99,19.99,0,0,0,,,False,False,"LPA4_150.JPG","LPA4_350.JPG","LPA4_500.JPG","","","","Calçola cós alto modeladora","","","",0,,674,"",,,0,,"","calcinha,calçola,modeladora,renda,cotton,abdomem,comprime,cós,confortável,algodão",6,6,,True,False,0,0,0,"","D44","LPA4","calcinha-draw-92330569","","Calcinha modeladora,calcinha cotton, feita em renda, 100%algodão,Comprime a região abdominal,cós alto",""
"I","Calcinhas",5530493,"20005","CALCINHA LPA5",50,"Calcinha em microfibra lisa com detalhe em renda nas laterais, Linda e confortável!",". Calçola em microfibra lisa 
. Detalhe de renda nas laterais
. Com elástico serrilhado 
. Composto por:
83% poliamida
17% elastano 
Forro 100% algodão","",False,4,1,True,0,12.2,12.2,0,0,0,,,False,False,"LPA5_150.JPG","LPA5_350.JPG","LPA5_500.JPG","","","","Calçola em microfibra lisa","","","",0,,674,"",,,0,,"","calcinha,confortável,detalhe,renda,calçola,algodão,dia,tie,",6,6,,True,False,0,0,0,"","D42","LPA5","calcinha-tie-35477847","","Calcinha em microfibra, detalhe em renda, 100%algodão, calcinha confortável, dia a dia",""
"I","Calcinhas",5530500,"20006","CALCINHA LPA6",50,"Calcinha em microfibra lisa e renda, macia e confortável.",". Calcinha em microfibra lisa
. Detalhes em renda
. Comporto por:
84%Poliamida
16%Elastano
Forro 100%algodão","",False,6,1,True,0,11.9,11.9,0,0,0,,,False,False,"LPA6_150.JPG","LPA6_350.JPG","LPA6_500.JPG","","","","Calcinha em microfibra lisa e renda","","","",0,,674,"",,,0,,"","Calcinha,lisa,microfibra,renda,macia,confortável,algodão,conforto",6,6,,True,False,0,0,0,"","M125","CPA6","calcinha-sun-54909915","","Calcinha em microfibra, calcinha lisa, detalhes de renda, macia e confortável.",""
"I","Calcinhas",5533997,"20007","CALCINHA LPA7",50,"Calcinha em microfibra e renda, linda e delicada, perfeita para todas as ocasiões.",". Calcinha em microfibra
. Detalhes em renda
. costura apenas no meio, evitando assim que marque a roupa.
. Comporto por:
82%poliamida .
18%Elastano  
Forro 100%algodão","",False,3,1,True,0,9.99,9.99,0,0,0,,,False,True,"LPA7_150.JPG","LPA7_350.JPG","LPA7_500.JPG","","","","Calcinha em microfibra e renda","","","",0,,674,"",,,0,,"","lingerie, calcinha,renda,microfibra,elástico,algodão,delicada",6,6,,True,False,0,0,0,"","A170 ","LPA7","lpa7-78330630","","calcinha em microfibra, detalhes em renda, sem costura, não marca, 100%algodão",""
"I","Calcinhas",5541918,"20008","CALCINHA LPA8",50,"Calesson todo em renda, fica linda no corpo e veste muito bem.",".Calesson em renda.
.Tem elástico na cintura 
.Toda em renda
.Composto por 
82% de poliamida
18% de elastano.
Forro 100% algodão.

","",False,3,1,True,0,12.78,12.78,0,0,0,,,False,False,"LPA8_150.JPG","LPA8_350.JPG","LPA8_500.JPG","","","","Calesson todo em renda","","","",0,,674,"",,,0,,"","calcinha,lingerie,calesson,renda,delicada,elastico",6,6,,True,False,0,0,0,""," 5237","CALCINHA LPA8","calcinha-lpa8-89223879","","Calesson em renda,Tem elástico na cintura,Toda em renda",""
"I","Conjuntos",5527443,"10010_P_AMARELO","",50,"Conjunto de Bojo, todo em renda, lindo e delicado!","","",False,1,1,True,0,36.99,40,36.99,0,0,25/02/2017,30/04/2017,False,False,"","","","132245","","","","","","65971",0,5527442,,"",,,0,,"","",6,6,,True,False,0,0,0,"","62245","CONJUNTO LPC10_10010_P_AMARELO","conjunto-rigth-70457095","","",""
"I","Conjuntos",5527446,"10011_P_ROXO","",50,"Conjunto Strappy em microfibra com bojo, detalhes em renda rosa claro. Sofisticado e super moderno!","","",False,1,1,True,0,39.99,39.99,0,0,0,,,False,False,"","","","132245","","","","","","65972",0,5527445,,"",,,0,,"","",6,6,,True,False,0,0,0,"","3668574","CONJUNTO LPC11_10011_P_ROXO","conjunto-charm-14588565","","",""
"I","Conjuntos",5527447,"10011_M_VERMELH","",50,"Conjunto Strappy em microfibra com bojo, detalhes em renda azul. Sofisticado e super moderno!","","",False,1,1,True,0,39.99,39.99,0,0,0,,,False,False,"","","","132246","","","","","","65691",0,5527445,,"",,,0,,"","",6,6,,True,False,0,0,0,"","3668574","CONJUNTO LPC11_10011_M_VERMELH","conjunto-charm-91852969","","",""
"I","Conjuntos",5530521,"10009_G_VERMELH","",50,"Conjunto de bojo super luxuoso e sensual, lindo para ser usado em qualquer ocasião.","","",False,1,1,True,0,35.99,41.99,35.99,0,0,,,False,False,"","","","132247","","","","","","65691",0,5521173,,"",,,0,,"","",6,6,,True,False,0,0,0,"","B06","CONJUNTO LPC9_10009_G_VERMELH","lpc9-16985721","","",""
"I","Conjuntos",5525983,"10001_M_PRETO","",50,"Conjunto de bojo lindo, marcante e veste super bem!

","","",False,1,1,True,0,39.9,49.98,39.9,0,0,25/02/2017,30/04/2017,False,False,"","","","132246","","","","","","65687",0,5521137,,"",,,0,,"","",6,6,,True,False,0,0,0,"","500987","CONJUNTO LPC1_10001_M_PRETO","conjunto-one-84226626","","",""
"I","Conjuntos",5525984,"10001_P_VERMELH","",50,"Conjunto de bojo lindo, marcante e veste super bem!

","","",False,1,1,True,0,39.9,49.98,39.9,0,0,25/02/2017,30/04/2017,False,False,"","","","132245","","","","","","65691",0,5521137,,"",,,0,,"","",6,6,,True,False,0,0,0,"","500987","CONJUNTO LPC1_10001_P_VERMELHO","conjunto-one-20920962","","",""
"I","Conjuntos",5525986,"10005_M_PRETO","",50,"Conjunto de Bojo, lindo, delicado e veste super bem!","","",False,1,1,True,0,29.99,39.99,29.99,0,0,01/12/2016,16/01/2017,False,True,"","","","132246","","","","","","65687",0,5521155,,"",,,0,,"","",6,6,,True,False,0,0,0,"","866582","CONJUNTO LPC5_10005_M_PRETO","conjunto-butterfly-95391482","","",""
"I","Conjuntos",5525987,"10005_P_ROSA","",50,"Conjunto de Bojo, lindo, delicado e veste super bem!","","",False,1,1,True,0,29.99,39.99,29.99,0,0,01/12/2016,16/01/2017,False,True,"","","","132245","","","","","","65972",0,5521155,,"",,,0,,"","",6,6,,True,False,0,0,0,"","866582","conjunto lpc5_10005_P_ROSA","conjunto-butterfly-24633426","","",""
"I","Conjuntos",5525989,"10005_G_VERDE","",50,"Conjunto de Bojo, lindo, delicado e veste super bem!","","",False,1,1,True,0,29.99,39.99,29.99,0,0,01/12/2016,16/01/2017,False,True,"","","","132247","","","","","","65973",0,5521155,,"",,,0,,"","",6,6,,True,False,0,0,0,"","866582","CONJUNTO LPC1_10005_G_VERDE","conjunto-butterfly-24866885","","",""
"I","Conjuntos",5525998,"10002_M_VERMLHO","",50,"Conjunto de bojo em microfibra, Lindo e Delicado.","","",False,1,1,True,0,49.99,49.99,0,0,0,,,False,False,"","","","132246","","","","","","65691",0,5521143,,"",,,0,,"","",6,6,,True,False,0,0,0,"","349665","CONJUNTO LPC2_10002_M_Vermelh","conjunto-delicate-69770449","","",""
"I","Conjuntos",5526000,"10007_P_ROSA","",50,"Conjunto em Microfibra com bojo, uma peça sexy e ideal pro dia a dia.","","",False,1,1,True,0,29.99,39.99,29.99,0,0,01/12/2016,16/01/2017,False,False,"","","","132245","","","","","","65972",0,5521176,,"",,,0,,"","",6,6,,True,False,0,0,0,"","1100896","CONJUNTO LPC7_10007_P_ROSA","conjunto-moon-52512759","","",""
"I","Conjuntos",5526001,"10007_G_ROSA","",50,"Conjunto em Microfibra com bojo, uma peça sexy e ideal pro dia a dia","","",False,1,1,True,0,29.99,39.99,29.99,0,0,,,False,False,"","","","132247","","","","","","65972",0,5521176,,"",,,0,,"","",6,6,,True,False,0,0,0,"","349665","CONJUNTO LPC7_10007_G_ROSA","conjunto-moon-32444400","","",""
"I","Conjuntos",5526008,"10003_M_BRANCO","",50,"Conjunto com detalhe em renda, com uma cor sexy e feminina.","","",False,1,1,True,0,31.99,39.99,31.99,0,0,25/02/2017,30/04/2017,False,False,"","","","132246","","","","","","65688",0,5521149,,"",,,0,,"","",6,6,,True,False,0,0,0,"","116658","CONJUNTO LPC3_10003_M_BRANCO","conjunto-princess-46818179","","",""
"I","Conjuntos",5526009,"10003_G_BRANCO","",50,"Conjunto com detalhe em renda, com uma cor sexy e feminina.","","",False,1,1,True,0,31.99,39.99,31.99,0,0,25/02/2017,30/04/2017,False,False,"","","","132247","","","","","","65688",0,5521149,,"",,,0,,"","",6,6,,True,False,0,0,0,"","116658","CONJUNTO LPC3_10003_G_BRANCO","conjunto-princess-15296573","","",""
"I","Conjuntos",5526010,"10003_P_ROSA","",50,"Conjunto com detalhe em renda, com uma cor sexy e feminina.","","",False,1,1,True,0,31.99,39.99,31.99,0,0,25/02/2017,30/04/2017,False,False,"","","","132245","","","","","","65972",0,5521149,,"",,,0,,"","",6,6,,True,False,0,0,0,"","116658","CONJUNTO LPC3_10003_P_ROSA","conjunto-princess-19640750","","",""
"I","Conjuntos",5526027,"10006_P_PRETO","",60,"Conjunto estilo cropped + strappy, Lindo e Sedutor.","","",False,1,1,True,0,39.99,39.99,0,0,0,,,False,False,"","","","132245","","","","","","65687",0,5521157,,"",,,0,,"","",6,6,,True,False,0,0,0,"","46798","CONJUNTO LPC6_ 10006_P_PRETO","conjunto-seduce-24190921","","",""
"I","Conjuntos",5526028,"10006_M_PRETO","",60,"Conjunto estilo cropped + strappy, Lindo e Sedutor.","","",False,1,1,True,0,39.99,39.99,0,0,0,,,False,False,"","","","132246","","","","","","65687",0,5521157,,"",,,0,,"","",6,6,,True,False,0,0,0,"","46798","CONJUNTO LPC6_10006_M_PRETO","conjunto-seduce-53509158","","",""
"I","Conjuntos",5526034,"10008_GG_VERMEL","",60,"Conjunto plus size com Bojo, Lindo, Sexi e Perfeito!","","",False,1,1,True,0,55.99,55.99,0,0,0,,,False,False,"","","","132248","","","","","","65691",0,5521169,,"",,,0,,"","",6,6,,True,False,0,0,0,""," L47","CONJUNTO LPC8_10008_GG_VERMELHO","conjunto-plus-size-shine-7195682","","",""
"I","Conjuntos",5526051,"10009_P_PRETO","",50,"Conjunto de bojo super luxuoso e sensual, lindo para ser usado em qualquer ocasião.","","",False,1,1,True,0,35.99,41.99,35.99,0,0,,,False,False,"","","","132245","","","","","","65686",0,5521173,,"",,,0,,"","",6,6,,True,False,400,300,10,"","B06","CONJUNTO LPC9_10009_P_PRETO","conjunto-life-43372744","","",""
"I","Conjuntos",5535620,"10013_P_AZUL","",50,"Conjunto em microfibra com bojo estilo nadador, Lindo e perfeito para seu dia-a-dia.","","",False,1,1,True,0,38.9,38.9,0,0,0,,,False,False,"","","","132245","","","","","","65686",0,5535619,,"",,,0,,"","",6,6,,True,False,0,0,0,"","B130","CONJUNTO LPC13_10013_P_AZUL","lpc13-8655948","","",""
"I","Conjuntos",5535621,"10013_P_BRANCO","",50,"Conjunto em microfibra com bojo, estilo nadador, Lindo e perfeito para seu dia-a-dia.","","",False,1,1,True,0,38.9,38.9,0,0,0,,,False,False,"","","","132245","","","","","","65688",0,5535619,,"",,,0,,"","",6,6,,True,False,0,0,0,"","B130","CONJUNTO LPC13_10013_P_BRANCO","lpc13-18673343","","",""
"I","Conjuntos",5535622,"10013_M_BRANCO","",50,"Conjunto em microfibra com bojo estilo nadador, Lindo e perfeito para seu dia-a-dia.","","",False,1,1,True,0,38.9,38.9,0,0,0,,,False,False,"","","","132246","","","","","","65688",0,5535619,,"",,,0,,"","",6,6,,True,False,0,0,0,"","B130","CONJUNTO LPC13_10013_M_BRANCO","lpc13-24695987","","",""
"I","Conjuntos",5535624,"10013_P_PRETO","",50,"Conjunto em microfibra com bojo, estilo nadador, Lindo e perfeito para seu dia-a-dia.","","",False,1,1,True,0,38.9,38.9,0,0,0,,,False,False,"","","","132245","","","","","","65687",0,5535619,,"",,,0,,"","",6,6,,True,False,0,0,0,"","B130","CONJUNTO LPC13_10013_P_PRETO","lpc13-66457766","","",""
"I","Conjuntos",5535625,"10013_M_PRETO","",50,"Conjunto em microfibra com bojo estilo nadador, Lindo e perfeito para seu dia-a-dia.","","",False,1,1,True,0,38.9,38.9,0,0,0,,,False,False,"","","","132246","","","","","","65687",0,5535619,,"",,,0,,"","",6,6,,True,False,0,0,0,"","B130","CONJUNTO LPC13_10013_M_PRETO","lpc13-82992190","","",""
"I","Conjuntos",5535630,"10014_GG_BRANCO","",50,"Conjunto em microfibra lisa com bojo e renda, Perfeito e delicado.","","",False,1,1,True,0,37.2,43.9,37.2,0,0,08/01/2017,31/01/2017,False,False,"","","","132248","","","","","","65688",0,5535627,,"",,,0,,"","",6,6,,True,False,0,0,0,"","B118","CONJUNTO LPC14_10014_GG_Branco","lpc14-32409305","","",""
"I","Conjuntos",5535631,"10014_P_PRETO","",50,"Conjunto em microfibra lisa com bojo e renda, Perfeito e delicado.","","",False,1,1,True,0,37.2,43.9,37.2,0,0,08/01/2017,31/01/2017,False,False,"","","","132245","","","","","","65687",0,5535627,,"",,,0,,"","",3,3,,True,False,0,0,0,"","B118","CONJUNTO LPC14_10014_P_Preto","lpc14-62916201","","",""
"I","Conjuntos",5535632,"10014_P_AMARELO","",50,"Conjunto em microfibra lisa com bojo e renda, Perfeito e delicado.","","",False,1,1,True,0,37.2,43.9,37.2,0,0,08/01/2017,31/01/2017,False,False,"","","","132245","","","","","","65971",0,5535627,,"",,,0,,"","",6,6,,True,False,0,0,0,"","B118","CONJUNTO LPC14_10014_P_Amarelo","lpc14-27431888","","",""
"I","Conjuntos",5535633,"10014_M_AMARELO","",50,"Conjunto em microfibra lisa com bojo e renda, Perfeito e delicado.","","",False,1,1,True,0,37.2,43.9,37.2,0,0,08/01/2017,31/01/2017,False,False,"","","","132246","","","","","","65971",0,5535627,,"",,,0,,"","",6,6,,True,False,0,0,0,"","B118","CONJUNTO LPC14_10014_M_Amarelo","lpc14-3219241","","",""
"I","Conjuntos",5535639,"10015_M_AZUL","",50,"Conjunto em microfibra com bojo modelo nadador, detalhes em tulle bordado em vermelho.","","",False,1,1,True,0,36.9,41.9,36.9,0,0,08/01/2017,31/01/2017,False,False,"","sublpc15a.JPG","","132246","","","","Tulle bordado em vermelho","","65686",0,5535634,,"",,,0,,"","",6,6,,True,False,0,0,0,"","B111","CONJUNTO LPC15_10015_M_Azul","lpc15-88062685","","",""
"I","Conjuntos",5535640,"10015_P_BRANCO","",50,"Conjunto em microfibra com bojo modelo nadador, detalhes em tulle bordado em laranja.","","",False,1,1,True,0,36.9,41.9,36.9,0,0,08/01/2017,31/01/2017,False,False,"","sublpc15bl.JPG","","132245","","","","Tulle bordado em laranja","","65688",0,5535634,,"",,,0,,"","",6,6,,True,False,0,0,0,"","B111","CONJUNTO LPC15_10015_P_Branco","lpc15-37093753","","",""
"I","Conjuntos",5535641,"10015_M_BRANCO","",50,"Conjunto em microfibra com bojo modelo nadador, detalhes em tulle bordado em laranja.","","",False,1,1,True,0,36.9,41.9,36.9,0,0,08/01/2017,31/01/2017,False,False,"","sublpc15bra.JPG","","132246","","","","Tulle bordado em laranja","","65688",0,5535634,,"",,,0,,"","",6,6,,True,False,0,0,0,"","B111","CONJUNTO LPC15_10015_M_Branco","lpc15-11158389","","",""
"I","Conjuntos",5535642,"10015_G_BRANCO","",50,"Conjunto em microfibra com bojo modelo nadador, detalhes em tulle bordado em laranja.","","",False,1,1,True,0,36.9,41.9,36.9,0,0,08/01/2017,31/01/2017,False,False,"","SUBLOPS15.JPG","","132247","","","","Tulle bordado em laranja","","65688",0,5535634,,"",,,0,,"","",6,6,,True,False,0,0,0,"","B111","CONJUNTO LPC15_10015_G_Branco","lpc15-17319888","","",""
"I","Conjuntos",5535643,"10015_M_PRETO","",50,"Conjunto em microfibra com bojo modelo nadador, detalhes em tulle bordado em branco.","","",False,1,1,True,0,36.9,41.9,36.9,0,0,08/01/2017,31/01/2017,False,False,"","sublpc15p.JPG","","132246","","","","Tulle bordado em branco","","65687",0,5535634,,"",,,0,,"","",6,6,,True,False,0,0,0,"","B111","CONJUNTO LPC15_10015_M_Preto","lpc15-2968997","","",""
"I","Conjuntos",5536645,"10011_G_ROSA","",50,"Conjunto Strappy em microfibra com bojo, detalhes em renda. Sofisticado e super moderno!","","",False,1,1,True,0,39.99,39.99,0,0,0,,,False,False,"","","","132247","","","","","","65972",0,5527445,,"",,,0,,"","",6,6,,True,False,0,0,0,"","3668574","CONJUNTO LPC11_10011_G_ROXO","lpc11-38308352","","",""
"I","Conjuntos",5536646,"10011_M_PRETO","",50,"Conjunto Strappy em microfibra com bojo, detalhes em renda verde e branco. Sofisticado e super moderno!","","",False,1,1,True,0,39.99,39.99,0,0,0,,,False,False,"","","","132246","","","","","","65687",0,5527445,,"",,,0,,"","",6,6,,True,False,0,0,0,"","3668574","CONJUNTO LPC11_10011_M_PRETO","lpc11-68000430","","",""
"I","Conjuntos",5537407,"10010_M_AMARELO","",50,"Conjunto de Bojo, todo em renda, lindo e delicado!","","",False,1,1,True,0,36.99,40,36.99,0,0,25/02/2017,30/04/2017,False,False,"","","","132246","","","","","","65971",0,5527442,,"",,,0,,"","",6,6,,True,False,0,0,0,"","62245","CONJUNTO LPC10_10010_M_amarelo","lpc10-22053165","","",""
"I","Conjuntos",5537415,"10010_P_BRANCO","",50,"Conjunto de Bojo, todo em renda, lindo e delicado!","","",False,0,1,True,0,36.99,40,36.99,0,0,25/02/2017,30/04/2017,False,False,"","","","132245","","","","","","65688",0,5527442,,"",,,0,,"","",6,6,,True,False,0,0,0,"","62245","CONJUNTO LPC10_10010_P_Brnco","lpc10-32139224","","",""
"I","Conjuntos",5537418,"10010_G_BRANCO","",50,"Conjunto de Bojo, todo em renda, lindo e delicado!","","",False,1,1,True,0,36.99,40,36.99,0,0,25/02/2017,30/04/2017,False,False,"","","","132247","","","","","","65688",0,5527442,,"",,,0,,"","",6,6,,True,False,0,0,0,"","62245","CONJUNTO LPC10_10010_G_Branco","lpc10-22889346","","",""
"I","Conjuntos",5537419,"10010_M_PRETO","",50,"Conjunto de Bojo, todo em renda, lindo e delicado!","","",False,1,1,True,0,36.99,40,36.99,0,0,25/02/2017,30/04/2017,False,False,"","","","132246","","","","","","65687",0,5527442,,"",,,0,,"","",6,6,,True,False,0,0,0,"","62245","CONJUNTO LPC10_10010_M_Preto","lpc10-79447573","","",""
"I","Conjuntos",5537424,"10002_P_VERDE","",50,"Conjunto de bojo em microfibra, Lindo e Delicado.","","",False,1,1,True,0,49.99,49.99,0,0,0,,,False,False,"","","","132245","","","","","","65973",0,5521143,,"",,,0,,"","",6,6,,True,False,0,0,0,"","349665","CONJUNTO LPC2_10002_P_Verde","lpc2-81942385","","",""
"I","Conjuntos",5537425,"10002_G_PRETO","",50,"Conjunto de bojo em microfibra, Lindo e Delicado.","","",False,1,1,True,0,49.99,49.99,0,0,0,,,False,False,"","","","132247","","","","","","65687",0,5521143,,"",,,0,,"","",6,6,,True,False,0,0,0,"","349665","CONJUNTO LPC2_10002_G_Preto","lpc2-32760257","","",""
"I","Conjuntos",5541537,"10016_P_AMARELO","",50,"Conjunto em microfibra lisa com bojo, detalhes em renda.","","",False,1,1,True,0,39.9,39.9,0,0,0,,,False,False,"","","","132245","","","","","","65971",0,5541536,,"",,,0,,"","",6,6,,True,False,0,0,0,"","384685","CONJUNTO LPC16_10016_P_Amarelo","lpc16-61413211","","",""
"I","Conjuntos",5541538,"10016_M_AMARELO","",50,"Conjunto em microfibra lisa com bojo, detalhes em renda.","","",False,1,1,True,0,39.9,39.9,0,0,0,,,False,False,"","","","132246","","","","","","65971",0,5541536,,"",,,0,,"","",6,6,,True,False,0,0,0,"","384685","CONJUNTO LPC16_10016_M_Amarelo","lpc16-13952273","","",""
"I","Conjuntos",5541539,"10016_M_VERMELH","",50,"Conjunto em microfibra lisa com bojo, detalhes em renda.","","",False,1,1,True,0,39.9,39.9,0,0,0,,,False,False,"","","","132246","","","","","","65691",0,5541536,,"",,,0,,"","",6,6,,True,False,0,0,0,"","384685","CONJUNTO LPC16_10016_M_Vermelh","lpc16-60604495","","",""
"I","Conjuntos",5541541,"10017_M_BRANCO","",50,"Conjunto em tulle liso, estilo tomara que caia","","",False,1,1,True,0,45.5,45.5,0,0,0,,,False,False,"","","","132246","","","","","","65688",0,5541540,,"",,,0,,"","",6,6,,True,False,0,0,0,"","2231547","CONJUNTO LPC17_10017_M_Branco","lpc17-22143191","","",""
"I","Conjuntos",5541542,"10017_M_PRETO","",50,"Conjunto em tulle liso, estilo tomara que caia","","",False,1,1,True,0,45.5,45.5,0,0,0,,,False,False,"","","","132246","","","","","","65687",0,5541540,,"",,,0,,"","",6,6,,True,False,0,0,0,"","2231547","CONJUNTO LPC17_10017_M_Preto","lpc17-55509585","","",""
"I","Conjuntos",5541543,"10017_G_PRETO","",50,"Conjunto em tulle liso, estilo tomara que caia","","",False,1,1,True,0,45.5,45.5,0,0,0,,,False,False,"","","","132247","","","","","","65687",0,5541540,,"",,,0,,"","",6,6,,True,False,0,0,0,"","2231547","CONJUNTO LPC17_10017_G_Preto","lpc17-56692141","","",""
"I","Conjuntos",5535614,"10012_M_PRETO","",50,"Conjunto de bojo com colar em renda, super inovador e estiloso.","","",False,2,1,True,0,38.99,45.99,38.99,0,0,25/03/2017,30/04/2017,True,False,"","","","132246","","","","","","65687",0,5535613,,"",,,0,,"","",6,6,,True,False,0,0,0,"","B147","CONJUNTO LPC12_10012_M_PRETO","lpc12-37879580","","",""
"I","Conjuntos",5535615,"10012_P_PRETO","",50,"Conjunto de bojo com colar em renda, super inovador e estiloso.","","",False,1,1,True,0,38.99,45.99,38.99,0,0,25/03/2017,30/04/2017,True,False,"","","","132245","","","","","","65687",0,5535613,,"",,,0,,"","",6,6,,True,False,0,0,0,"","B147","CONJUNTO LPC12_10012_P_PRETO","lpc12-8674258","","",""
"I","Conjuntos",5599190,"10019_P_BRANCO","",50,"Conjunto corpete em renda com bojo","","",False,1,1,True,0,53.9,53.9,0,0,0,,,False,False,"","","","132245","","","","","","65688",0,5599188,,"",,,0,,"","",6,6,,True,False,0,0,0,"","1800","CONJUNTO LPC19_10019_P_BRANCO","conjunto-lpc19-44308108","","",""
"I","Conjuntos",5599191,"10019_M_PRETO","",50,"Conjunto corpete em renda com bojo","","",False,1,1,True,0,53.9,53.9,0,0,0,,,False,False,"","","","132246","","","","","","65687",0,5599188,,"",,,0,,"","",6,6,,True,False,0,0,0,"","1800","CONJUNTO LPC19_10019_M_PRETO","conjunto-lpc19-56484622","","",""
"I","Conjuntos",5599194,"10018_P_VERMELH","",50,"Conjunto em microfibra e renda franzida","","",False,1,1,True,0,44.9,44.9,0,0,0,,,False,False,"","","","132245","","","","","","65691",0,5599193,,"",,,0,,"","",6,6,,True,False,0,0,0,"","1761","CONJUNTO LPC18_10018_p_VERMELHO","conjunto-lpc18-13827151","","",""
"I","Conjuntos",5599195,"10018_G_PRETO","",50,"Conjunto em microfibra e renda franzida","","",False,1,1,True,0,44.9,44.9,0,0,0,,,False,False,"","","","132247","","","","","","65687",0,5599193,,"",,,0,,"","",6,6,,True,False,0,0,0,"","1761","CONJUNTO LPC18_10018_G_PRETO","conjunto-lpc18-91788882","","",""
"I","Conjuntos",5521137,"10001","CONJUNTO LPC1",50,"Conjunto de Strappy com bojo lindo, marcante e veste super bem!",".Conjunto de bojo em microfibra lisa.
.Detalhes em renda estilo strappy.
.Bojo P e M na bolha.
.Composto por:
 82% poliamida 
 18% de elastano.
Forro 100% algodão
","",False,2,1,True,0,39.9,49.98,39.9,0,0,25/02/2017,30/04/2017,False,True,"LPC1_150.JPG","LPC1_350.JPG","LPC1_500.JPG","","","","Conjunto de Strappy com bojo","","","",0,,684,"",,,0,,"","CONJUNTO,LINGERIE,CALCINHA,SUTIÃ,SOUTIEN,STRAPPY,RENDA,SEXI,MODERNO,DELICADO,ALGODÃO,MICROFIBRA",6,6,,True,False,0,0,0,"","500987","LPC1","conjunto-one-81403750","","CONJUNTO DE STRAPPY,CONJUNTO COM BOJO, DETALHES EM RENDA, 100%ALGODÃO, LINDO E DELICADO",""
"I","Conjuntos",5527442,"10010","CONJUNTO LPC10",50,"Conjunto de Bojo, todo em renda, lindo e delicado!
",".Conjunto  em renda.
.Calcinha estilo fio dental.
.Alças com Regulagem.
.Composto por:
 83% de poliamida
17% de elastano.
Forro 100% algodão.","",False,5,1,True,0,36.99,40,36.99,0,0,25/02/2017,30/04/2017,True,False,"LPC10_150.JPG","LPC10_350.JPG","LPC10_500.JPG","","","","Conjunto todo em renda","","","",0,,702,"",,,0,,"","CONJUNTO,LINGERIE,CALCINHA,SUTIÃ,SOUTIEN,ALÇAS,RENDA,BOJO,ALGODÃO,MICROFIBRA",6,6,,True,False,0,0,0,"","62245","LPC10","conjunto-rigth-7777042","","CONJUNTO DE RENDA, COM BOJO, EM MICROFIBRA, 100% ALGODÃO",""
"I","Conjuntos",5527445,"10011","CONJUNTO LPC11",50,"Conjunto Strappy em microfibra com bojo, detalhes em renda. Sofisticado e super moderno!",".Conjunto em microfibra.
.Modelo strappy 
.Alças com regulagem.
.Bojo P e M na bolha.
.Composto por:
 83% de poliamida  
17% de elastano.
Forro 100% algodão.
","",False,4,1,True,0,39.99,39.99,0,0,0,,,False,True,"LPC11_150.JPG","LPC11_350.JPG","LPC11_500.JPG","","","","Conjunto Strappy com bojo","","","",0,,702,"",,,0,,"","CONJUNTO,LINGERIE,BOJO,RENDA,STRAPPY,MICROFIBRA,ALGODÃO,DELICADO,LINDO,MODERNO",6,6,,True,False,0,0,0,"","3668574","LPC11","conjunto-charm-50089663","","CONJUNTO STRAPPY, COM MICROFIBRA,COM BOJO, ALÇAS COM REGULAGEM, 100% aALGODÃO",""
"I","Conjuntos",5535613,"10012","CONJUNTO LPC12",50,"Conjunto de bojo com colar em renda, super inovador e estiloso.",".Conjunto com Bojo 
.Possui um colar de renda na frente ( Mas se desejar pode remove-lo)
.Alças reguláveis com argolas e reguladores em metal
.Composto por: 
86% poliamida
14% elastano forro 
100% algodão","",False,3,1,True,0,38.99,45.99,38.99,0,0,25/02/2017,30/04/2017,True,False,"LPC12_150.JPG","LPC12_350.JPG","LPC12_500.JPG","","","","Conjunto de bojo com colar em renda","","","",0,,684,"",,,0,,"","lingerie,sutiã,calcinha,soutien,conjunto,bojo,alças regulável,moderno,estiloso,elegante",6,6,,True,False,0,0,0,"","B147","LPC12","lpc12-30904788","","Conjunto de bojo, detalhes em renda, com colar, super inovador e estiloso,Alças reguláveis",""
"I","Conjuntos",5535619,"10013","CONJUNTO LPC13",50,"Conjunto em microfibra com bojo estilo nadador, Lindo e perfeito para seu dia-a-dia.",".Conjunto em Microfibra
.Com Bojo 
.Estilo Nadador
.Com Fecho na Frente
.Bijuteria nas costas
.Composto por:
83%Poliamida 
17%Elastano  
Forro 100%algodão","",False,5,1,True,0,38.9,38.9,0,0,0,,,False,False,"LPC13_150.JPG","LPC13_350.JPG","LPC13_500.JPG","","","","Conjunto com bojo estilo nadador","","","",0,,684,"",,,0,,"","LINGERIE,CONJUNTO,SUTIÃ,SOUTIEN,CALCINHA,NADADOR,MICROFIBRA,BOJO,FECHO,ESTILO,DIA,DELICADO",6,6,,True,False,0,0,0,"","B130","LPC13","lpc13-84998721","","CONJUNTO COM BOJO, EM MICROFIBRA, ESTILO NADADOR, COM FECHO NA FRENTE",""
"I","Conjuntos",5535627,"10014","CONJUNTO LPC14",50,"Conjunto em microfibra lisa com bojo e renda, Perfeito e delicado.",".Conjunto em microfibra lisa
.Com Bojo
.Frente em renda
.Laço de cetim 5cmx5cm
.Alças reguláveis 
Composto por:
 83%Poliamida
 17%Elastano 
 Forro 100%algodão","",False,4,1,True,0,37.2,43.9,37.2,0,0,08/01/2017,31/01/2017,False,False,"LPC14_150.JPG","LPC14_350.JPG","LPC14_500.JPG","","","","Conjunto em microfibra lisa com bojo e renda","","","",0,,684,"",,,0,,"","lingerie,sutiã,soutien,calcinha,bojo,renda,microfibra,algodão,delicado",6,6,,True,False,0,0,0,"","B118","LPC14","lpc14-77882021","","conjunto em microfibra,com bojo, em renda, detalhe com bijuteria, 100%algodão",""
"I","Conjuntos",5535634,"10015","CONJUNTO LPC15",50,"Conjunto em microfibra com bojo modelo nadador, detalhes em tulle bordado.",".Conjunto em microfibra
. Estilo nadador
.Com bojo
.Detalhes em tulle bordado
Composto por:
83%poliamida 
17%elastano 
forro 100%algodão","",False,5,1,True,0,36.9,41.9,36.9,0,0,08/01/2017,31/01/2017,False,False,"LPC15_150.JPG","LPC15_350.JPG","LPC15_500.JPG","","","","Conjunto com bojo modelo nadador","","","",0,,684,"",,,0,,"","lingerie,sutiã,soutien,calcinha,nadador,tulle,bordado,microfibra,bojo",6,6,,True,False,0,0,0,"","B111","LPC15","lpc15-45258731","","Conjunto em microfibra, com bojo, detalhes em tulle, estilo nadador",""
"I","Conjuntos",5541536,"10016","CONJUNTO LPC16",50,"Conjunto em microfibra lisa com bojo, detalhes em renda.",".Conjunto em microfibra lisa
.Detalhes em renda em contraste.
.Com Bojo
.Bojos P e M na bolha.
Composto por:
82% poliester
18% elastano
forro 100% algodao

Obs. Cor da peça definida pela renda, a microfibra sempre em preto.","",False,3,1,True,0,39.9,39.9,0,0,0,,,False,False,"LPC16_150.JPG","LPC16_350.JPG","LPC16_500.JPG","","","","Conjunto com bojo e detalhes em renda","","","",0,,684,"",,,0,,"","lingerie,conjunto,calcinha,soutien,sutiã,renda,detalhes,microfibra",6,6,,True,False,0,0,0,"","384685","LPC16","lpc16-78361147","","Conjunto em microfibra lisa,Detalhes em renda,Com Bojo,conjunto de lingerie, calcinha e soutien.",""
"I","Conjuntos",5541540,"10017","CONJUNTO LPC17",50,"Conjunto em tulle liso, estilo tomara que caia.",".Conjunto em tulle liso
.Estilo tomara que caia
.Com bojo
.Composto por:
82% poliamida
18% elastano
forro 100% algodão","",False,3,1,True,0,45.5,45.5,0,0,0,,,True,False,"LPC17_150.JPG","LPC17_350.JPG","LPC17_500.JPG","","","","Conjunto estilo tomara que caia","","","",0,,684,"",,,0,,"","conjunto,calcinha,sutiã,soutien,tomara,que.caia,tulle,bojo",6,6,,True,False,0,0,0,"","2231547","LPC17","lpc17-53928775","","Conjunto em tulle liso,Estilo tomara que caia,Com bojo, modelo novo",""
"I","Conjuntos",5599193,"10018","CONJUNTO LPC18",50,"Conjunto em microfibra e renda franzida
",".Conjunto de microfibra
.Trabalhado em renda franzida
.Com bojo
","",False,2,1,True,0,44.9,44.9,0,0,0,,,False,False,"LPC18_150.JPG","LPC18_350.JPG","LPC18_500.JPG","","","","CONJUNTO EM MICROFIBRA E RENDA","","","",0,,702,"",,,0,,"","LINGERIE,CALCINHA,TANGA,SUTIÃ,SOUTIEN,CONJUNTO,RENDA,MICROFIBRA,CONFORTO,FRANZIDA,BOJO,SEXY",6,6,,True,False,0,0,0,"","1761","CONJUNTO LPC18","conjunto-lpc18-23362369","","Conjunto de microfibra, CALCINHA E SUTIÃ,renda franzida,Com bojo
",""
"I","Conjuntos",5599188,"10019","CONJUNTO LPC19",50,"Conjunto corpete em renda com bojo
",".Calcinha em renda
.Corpete com detalhes em renda
.Modelo com bojo
","",False,2,1,True,0,53.9,53.9,0,0,0,,,False,False,"LPC19_150.JPG","LPC19_350.JPG","LPC19_500.JPG","","","","CONJUNTO CORPETE EM RENDA","","","",0,,702,"",,,0,,"","LINGERIE,CONJUNTO,CALCINHA,TANGA,SUTIÃ,SOUTIEN,CORPETE,RENDA,BOJO,DETALHES,SEXY",6,6,,True,False,0,0,0,"","1800","CONJUNTO LPC19","conjunto-lpc19-68896121","","LINGERIE SEXY,Calcinha em renda,Corpete com detalhes,em renda,com bojo.
",""
"I","Conjuntos",5521143,"10002","CONJUNTO LPC2",50,"Conjunto de bojo em microfibra, Lindo e Delicado.",".Conjunto em microfibra lisa.
.Tule bordado 
.Bojo P e M na bolha.
.composto por: 
82% poliéster 
18% de elastano
Forro 100% algodão.
","",False,3,1,True,0,49.99,49.99,0,0,0,,,False,True,"LPC2_150.JPG","LPC2_350.JPG","LPC2_500.JPG","","","","Conjunto de bojo com tulle bordado","","","",0,,684,"",,,0,,"","CONJUNTO,LINGERIE,BOJO,RENDA,MICROFIBRA,ALGODÃO,DELICADO,LINDO,MODERNO",6,6,,True,False,0,0,0,"","3306558","LPC2","conjunto-delicate-96429079","","CONJUNTO DE MICROFIBRA,COM BOJO, 100%ALGODÃO,DETALHE EM RENDA",""
"I","Conjuntos",5521149,"10003","CONJUNTO LPC3",50,"Conjunto com detalhe em renda, com uma cor sexy e feminina.",". Conjunto em microfibra lisa.
. Detalhe em renda
. Detalhe em renda na alça.
. Tamanhos P e M na bolha.
. Composto por:
82% de poliéster 
18% de elastano.
Forro 100% algodão.
","",False,3,1,True,0,31.99,39.99,31.99,0,0,25/02/2017,30/04/2017,False,False,"LPC3_150.JPG","LPC3_350.JPG","LPC3_500.JPG","","","","Conjunto com bojo e detalhe em renda","","","",0,,702,"",,,0,,"","CONJUNTO,LINGERIE,CALCINHA,SOUTIEN,SUTIÃ,RENDA,DELICADO,MICROFIBRA,SEXY",6,6,,True,False,0,0,0,"","116658","LPC3","conjunto-princess-18601626","","CONJUNTO DE RENDA, CONJUNTO EM MICROFIBRA, COM BOJO,100% ALGODÃO, LINGERIE SEXY",""
"I","Conjuntos",5521155,"10005","CONJUNTO LPC5",50,"Conjunto de Bojo, lindo, delicado e veste super bem!",".Conjunto em microfibra lisa.
. Todo em renda na parte de trás
. Bojo P e M na bolha.
. Composto por:
82% de poliéster 
18% de elastano.
Forro 100% algodão.
","",False,3,1,True,0,29.99,39.99,29.99,0,0,01/12/2016,16/01/2017,False,True,"LPC5_150.JPG","LPC5_350.JPG","LPC5_500.JPG","","","","Conjunto estilo nadador","","","",0,,702,"",,,0,,"","CONJUNTO,LINGERIE,BOJO,RENDA,NADADEIRA,MICROFIBRA,ALGODÃO,DELICADO,LINDO",6,6,,True,False,0,0,0,"","866582","CONJUNTO  LPC5","conjunto-butterfly-80041140","","CONJUNTO COM BOJO, MODELO NADADEIRA, CONJUNTO EM MICROFIBRA,100% ALGODÃO",""
"I","Conjuntos",5521157,"10006","CONJUNTO LPC6",60,"Conjunto estilo cropped + strappy, Lindo e  Sedutor.",".Conjunto de bojo.
. Estilo cropped + strappy.
. Calcinha toda em renda super sexy.
. Bojo P e M na bolha.
. Composto por:
82% de poliamida 
18% de elastano
Forro 100% algodão","",False,2,1,True,0,39.99,39.99,0,0,0,,,True,False,"LPC6_150.JPG","LPC6_350.JPG","LPC6_500.JPG","","","","Conjunto estilo strappy","","","",0,,684,"",,,0,,"","CONJUNTO,LINGERIE,CALCINHA,SOUTIEN,SUTIÃ,STRAPPY,CROPPED,ALGODÃO",6,6,,True,False,0,0,0,"","46798","LPC6","conjunto-seduce-87392825","","CONJUNTO DE STRAPPY, CONJUNTO COM BOJO, COM RENDA, 100% ALGODÃO",""
"I","Conjuntos",5521176,"10007","CONJUNTO LPC7",50,"Conjunto em Microfibra com bojo, uma peça sexy e ideal pro dia a dia.",". Conjunto em microfibra e renda
. Calcinha modelo caleçon muito confortável.
. Bojo P e M na bolha.
. Regulagens são em metal.
. Composto por:
 82% de poliamida
18% de elastano.
Forro 100% algodão.
","",False,2,1,True,0,31.99,39.99,29.99,0,0,01/12/2016,16/01/2017,False,False,"LPC7_150.JPG","LPC7_350.JPG","LPC7_500.JPG","","","","Conjunto em Microfibra com bojo","","","",0,,685,"",,,0,,"","CONJUNTO,LINGERIE,BOJO,RENDA,DELICADO,CALECON,CALCINHA,SOUTIEN,SUTIÃ,SEXY,LINDO,",6,6,,True,False,0,0,0,"","1100896","LPC7","conjunto-moon-14483279","","CONJUNTO COM BOJO, EM MICROFIBRA, DETALHES EM RENDA, 100% ALGODÃO",""
"I","Conjuntos",5521169,"10008","CONJUNTO LPC8",60,"Conjunto plus size com Bojo, Lindo, Sexi e Perfeito!",". Modelo plus size de bojo em micro fibra 
. Detalhes em renda 
Composto por:
83% Poliamida 
17% Elastano  
Forro 100% algodão","",False,1,1,True,0,55.99,55.99,0,0,0,,,True,False,"LPC8_150.JPG","LPC8_350.JPG","LPC8_500.JPG","","","","Conjunto plus size com Bojo","","","",0,,702,"",,,0,,"","CONJUNTO,LINGERIE,CALCINHA,SUTIÃ,SOUTIEN,PLUZ,SIZE,RENDA,MICROFIBRA,ALGODÃO,DETALHES,",6,6,,True,False,0,0,0,"","L47","LPC8","conjunto--shine-35546512","","CONJUNTO PLUS SIZE, CONJUNTO COM BOJO, EM MICROFIBRA, DETALHES EM RENDA",""
"I","Conjuntos",5521173,"10009","CONJUNTO LPC9",50,"Conjunto de bojo super luxuoso e sensual, lindo para ser usado em qualquer ocasião.",". Modelo em microfibra
. Detalhes em Renda
. Modelo com Bojo
. Alças reguláveis e fecho nas costas 
Composto por:
83%Poliamida
17%Elastano 
Forro 100%algodão
","",False,2,1,True,0,41.99,41.99,0,0,0,,,False,False,"LPC9_150.JPG","LPC9_350.JPG","LPC9_500.JPG","","","","Conjunto de bojo e detalhes em renda","","","",0,,684,"",,,0,,"","CONJUNTO,LINGERIE,BOJO,RENDA,MICROFIBRA,ALGODÃO,DELICADO,LINDO,MODERNO",6,6,,True,False,0,0,0,"","B06","LPC9","conjunto-life-90911501","","CONJUNTO EM MICROFIBRA,COM BOJO, DETALHES EM RENDA, DIA A DIA, 100% ALGODÃO",""
"I","Espartilho",5528677,"50001_M_VERMELH","",70,"Espartilho em microfibra com detalhes em renda, Lindo e sedutor.","","",False,1,1,True,0,45.99,45.99,0,0,0,,,False,False,"","","","132246","","","","","","65691",1,5521171,,"",,,0,,"","",6,6,,True,False,0,0,0,"","O04","ESPARTILHO LPE1_50001_M_VERMELH","espartilho-seduction-71171206","","",""
"I","Espartilho",5521171,"50001","ESPARTILHO LPE1",70,"Espartilho em microfibra com detalhes em renda, Lindo e sedutor.",". Modelo de bojo com bolha e com aro 
. Detalhes em renda 
. Modelo em microfibra.
. Estruturado com palhetas plásticas maleáveis
. Composto por:
82%poliamida 
18%elastano 
forro 100%algodão
","",False,1,1,True,0,45.99,45.99,0,0,0,,,False,True,"LPE1_150.JPG","LPE1_350.JPG","LPE1_500.JPG","","","","Espartilho em microfibra com detalhes em renda","","","",1,,702,"",,,0,,"","ESPARTILHO,CALCINHA,LINGERIE,BOJO,RENDA,SEXY,VERMELHO,",6,6,,True,False,0,0,0,"","O04","LPE1","espartilho-seduction-34229678","","ESPARTILHO VERMELHO, ESPARTILHO EM RENDA, COM BOJO, EM MICROFIBRA",""
"I","Linha Noite",5541923,"40003_M_PRETO","",100,"Camisola em microfibra com detalhes em renda. Nas costas as alças forma um “X” com regulagem nas alças e biju, confortável e linda.","","",False,1,1,True,0,33.9,33.9,0,0,0,,,False,False,"","","","132246","","","","","","65687",0,5541922,,"",,,0,,"","",6,6,,True,False,0,0,0,""," 655825","CAMISOLA LPN3_40003_M_Preto","camisola-lpn3-39709109","","",""
"I","Linha Noite",5541924,"40003_G_PRETO","",100,"Camisola em microfibra com detalhes em renda. Nas costas as alças forma um “X” com regulagem nas alças e biju, confortável e linda.","","",False,1,1,True,0,33.9,33.9,0,0,0,,,False,False,"","","","132247","","","","","","65687",0,5541922,,"",,,0,,"","",6,6,,True,False,0,0,0,""," 655825","CAMISOLA LPN3_40003_G_Preto","camisola-lpn3-69845217","","",""
"I","Linha Noite",5542249,"40004_M_PRETO ","",100,"Camisete com Detalhes em renda, lindo e perfeito para sua noite!","","",False,1,1,True,0,28.9,28.9,0,0,0,,,False,False,"","","","132246","","","","","","65687",0,5542248,,"",,,0,,"","",6,6,,True,False,0,0,0,""," 655825","CAMISTELPN4_40004_M_Preto","camisete-lpn4-33619327","","",""
"I","Linha Noite",5542250,"40004_G_VINHO ","",100,"Camisete com Detalhes em renda, lindo e perfeito para sua noite!","","",False,1,1,True,0,28.9,28.9,0,0,0,,,False,False,"","","","132247","","","","","","65911",0,5542248,,"",,,0,,"","",6,6,,True,False,0,0,0,""," 655825","CAMISETE LPN4_40004_G_Vinho","camisete-lpn4-91357058","","",""
"I","Linha Noite",5528655,"20003_P_VERMELH","",100,"Pijama Minnie Malha Lisa, Lindo e Divertido.","","",False,1,1,True,0,39.99,39.99,0,0,0,,,False,False,"","","","132245","","","","","","65691",0,5521166,,"",,,0,,"","",6,6,,True,False,0,0,0,"","R45","PIJAMA LPN1_20003_P_VERMELHO","pijama-minnie-23435611","","",""
"I","Linha Noite",5528656,"20003_M_VERMELH","",100,"Pijama Minnie Malha Lisa, Lindo e Divertido.","","",False,1,1,True,0,39.99,39.99,0,0,0,,,False,False,"","","","132246","","","","","","65691",0,5521166,,"",,,0,,"","",6,6,,True,False,0,0,0,"","R45","PIJAMA LPN1_20003_M_VERMELHO","pijama-minnie-56365603","","",""
"I","Linha Noite",5528664,"40002_P_PRETO","",100,"Camisola Liganete lisa com detalhes em renda confortável e ótimo para usar no seu dia a dia.","","",False,1,1,True,0,37.99,37.99,0,0,0,,,False,False,"","","","132245","","","","","","65687",0,5521165,,"",,,0,,"","",6,6,,True,False,0,0,0,"","Q10","CAMISOLA LPN2_40002_P_PRETO","camisola-free-97173708","","",""
"I","Linha Noite",5528666,"40002_P_AMARELO","",100,"Camisola Liganete lisa com detalhes em renda confortável e ótimo para usar no seu dia a dia.","","",False,1,1,True,0,37.99,37.99,0,0,0,,,False,False,"","","","132245","","","","","","65971",0,5521165,,"",,,0,,"","",6,6,,True,False,0,0,0,"","Q10","CAMISOLA LPN2_40002_P_AMARELO","camisola-free-21329898","","",""
"I","Linha Noite",5542248,"40004","CAMISETE LPN4",100,"Camisete com Detalhes em renda, lindo e perfeito para sua noite!",".Camisete em microfibra lisa 
.Detalhes em renda
.Composto por:
82% poliester
18% elastano
forro 100% algodão","",False,2,1,True,0,28.9,28.9,0,0,0,,,False,False,"LPN4_150.JPG","LPN4_350.JPG","LPN4_500.JPG","","","","Camisete em microfibra com renda","","","",0,,709,"",,,0,,"","pijama,regata,shorts,camisrte,microfibra,detalhes,renda",6,6,,True,False,0,0,0,""," 655825","CAMISETE LPN4","camisete-lpn4-20394534","","Camisete em microfibra lisa,Detalhes em renda,pijama confortável,hora de dormir.",""
"I","Linha Noite",5521165,"40002","CAMISOLA LPN2",100,"Camisola Liganete lisa com detalhes em renda confortável e ótimo para usar no seu dia a dia.",". Camisola sem bojo
.Com Calcinha
. Liganete lisa e renda
. Composto por:
96% Poliéster 
4% Elastano  
. Renda:
 90% Poliamida 
10% Elastano","",False,2,1,True,0,37.99,37.99,0,0,0,,,False,True,"LPN2_150.JPG","LPN2_350.JPG","LPN2_500.JPG","","","","Camisola Liganete lisa","","","",0,,701,"",,,0,,"","CAMISOLA,DORMIR,NOITE,BOJO,LIGANETE,RENDA,DETALHE",6,6,,True,False,0,0,0,"","Q10","LPN2","camisola-free-78364199","","CAMISOLA LIGANETE, DETALHES EM RENDA, COM BOJO, LINHA NOITE, ROUPA DE DORMIR",""
"I","Linha Noite",5541922,"40003","CAMISOLA LPN3",100,"Camisola em microfibra com detalhes em renda. Nas costas as alças forma um “X” com regulagem nas alças e biju, confortável e linda.",".Camisola em microfibra.
.Detalhe no busto 
.Renda e nas costas
.Uma leve transparência
.Regulagem nas alças 
.Composta por:
82% de poliéster
18% de elastano.","",False,2,1,True,0,33.9,33.9,0,0,0,,,False,True,"LPN3_150.JPG","LPN3_350.JPG","LPN3_500.JPG","","","","Camisola com alças forma de X nas costas","","","",0,,709,"",,,0,,"","camisola,dormir,roupa,microfibra,renda,alças,regulável,transparente,busto",6,6,,True,False,0,0,0,""," 655825","CAMISOLA LPN3","camisola-lpn3-21657962","","Camisola em microfibra,Detalhe no busto,Renda e nas costas,leve transparência,Regulagem nas alças",""
"I","Linha Noite",5521166,"40001","CONJUNTO LPN1",100,"Pijama Minnie Malha Lisa, Lindo e Divertido.",". Malha lisa e estampada
. Tecido macio 
. Blusa estilo regata
. Blusa na cor branca com estampa de Minnie
.Shorts Vermelho com bolinhas em preto
.Mascara para dormir Vermelho com bolinhas em preto
. Composto por:
67% Poliéster
33% Viscose
","",False,2,1,True,0,39.99,39.99,0,0,0,,,False,False,"LPN1_150.JPG","LPN1_350.JPG","LPN1_500.JPG","","","","Pijama Minnie Malha Lisa","","","",0,,709,"",,,0,,"","PIJAMA,DORMIR,ROUPA,NOITE,REGATA,SHORTS,MACIO,MINNIE",6,6,,True,False,0,0,0,"","R45","LPN1","pijama-minnie-62418765","","PIJAMA MINNIE, ROUPA DE DORMIR, LINHA NOITE, TECIDO MACIO",""
"I","Soutien",5527454,"30003_P_ROSA","",50,"Soutien strappy com bojo, Incrivelmente Lindo.","","",False,1,1,True,0,32.99,32.99,0,0,0,,,False,False,"","","","132245","","","","","","65972",0,5521174,,"",,,0,,"","",6,6,,True,False,0,0,0,"","719965","SOUTIEN LPS3_30003_P_ROSA","soutien-new-26041812","","",""
"I","Soutien",5527455,"30003_M_PRETO","",50,"Soutien strappy com bojo, Incrivelmente Lindo.","","",False,1,1,True,0,32.99,32.99,0,0,0,,,False,False,"","","","132246","","","","","","65687",0,5521174,,"",,,0,,"","",6,6,,True,False,0,0,0,"","719965","SOUTIEN LPS3_30003_M_PRETO","soutien-new-71671694","","",""
"I","Soutien",5527457,"30002_M_VERMELH","",50,"Soutien de bojo, trabalhado em renda ideal para usar com blusas cujo o soutien não deve aparecer. Veste super bem no corpo.","","",False,1,1,True,0,22.99,22.99,0,0,0,,,False,False,"","","","132246","","","","","","65691",0,5521163,,"",,,0,,"","",6,6,,True,False,0,0,0,"","44587","SOUTIEN LPS2_30002_M_Vermelh","soutien--transparent-11156863","","",""
"I","Soutien",5527458,"30001_G_BRANCO ","",50,"Soutien plus size com detalhes em renda, Lindo e perfeito para o dia a dia.","","",False,1,1,True,0,21.99,21.99,0,0,0,,,False,False,"","","","132247","","","","","","65688",0,5521164,,"",,,0,,"","",6,6,,True,False,0,0,0,"","1504","SOUTIEN LPS1_30001_G_BRANCO","soutien-adapt-37568301","","",""
"I","Soutien",5536619,"30002_P_BRANCO","",50,"Soutien de bojo, trabalhado em renda ideal para usar com blusas cujo o soutien não deve aparecer. Veste super bem no corpo.","","",False,1,1,True,0,22.99,22.99,0,0,0,,,False,False,"","","","132245","","","","","","65688",0,5521163,,"",,,0,,"","",6,6,,True,False,0,0,0,"","44587","SOUTIEN LPS2_30002_P_Branco","lps2-31640262","","",""
"I","Soutien",5536621,"30002_M_BRANCO","",50,"Soutien de bojo, trabalhado em renda ideal para usar com blusas cujo o soutien não deve aparecer. Veste super bem no corpo.","","",False,1,1,True,0,22.99,22.99,0,0,0,,,False,False,"","","","132246","","","","","","65688",0,5521163,,"",,,0,,"","",6,6,,True,False,0,0,0,"","44587","SOUTIEN LPS2_30002_M_Branco","lps2-75315493","","",""
"I","Soutien",5536623,"30002_G_BRANCO","",50,"Soutien de bojo, trabalhado em renda ideal para usar com blusas cujo o soutien não deve aparecer. Veste super bem no corpo.","","",False,1,1,True,0,22.99,22.99,0,0,0,,,False,False,"","","","132247","","","","","","65688",0,5521163,,"",,,0,,"","",6,6,,True,False,0,0,0,"","44587","SOUTIEN LPS2_30002_G_Branco","lps2-37012881","","",""
"I","Soutien",5536625,"30002_P_PRETO","",50,"Soutien de bojo, trabalhado em renda ideal para usar com blusas cujo o soutien não deve aparecer. Veste super bem no corpo.","","",False,1,1,True,0,22.99,22.99,0,0,0,,,False,False,"","","","132245","","","","","","65687",0,5521163,,"",,,0,,"","",6,6,,True,False,0,0,0,"","44587","SOUTIEN LPS2_30002_P_Preto","lps2-25814456","","",""
"I","Soutien",5536626,"30002_M_PRETO","",50,"Soutien de bojo, trabalhado em renda ideal para usar com blusas cujo o soutien não deve aparecer. Veste super bem no corpo.","","",False,1,1,True,0,22.99,22.99,0,0,0,,,False,False,"","","","132246","","","","","","65687",0,5521163,,"",,,0,,"","",6,6,,True,False,0,0,0,"","44587","SOUTIEN LPS2_30002_M_Preto","lps2-34811038","","",""
"I","Soutien",5539415,"30006_M_BRANCO","",50,"Soutien com bojo estilo strappy, lindo e Sexy !","","",False,1,1,True,0,34.99,34.99,0,0,0,,,False,False,"","","","132246","","","","","","65688",0,5539414,,"",,,0,,"","",6,6,,True,False,0,0,0,"","55845","SOUTIEN LPS6_30006_M_BRANCO","lps6-87327212","","",""
"I","Soutien",5539416,"30006_P_PRETO ","",50,"Soutien com bojo estilo strappy, lindo e Sexy !
","","",False,1,1,True,0,34.99,34.99,0,0,0,,,False,False,"","","","132245","","","","","","65687",0,5539414,,"",,,0,,"","",6,6,,True,False,0,0,0,"","55845","SOUTIEN LPS6_30006_P_PRETO","lps6-56222171","","",""
"I","Soutien",5539417,"30006_M_PRETO","",50,"Soutien com bojo estilo strappy, lindo e Sexy !
","","",False,1,1,True,0,34.99,34.99,0,0,0,,,False,False,"","","","132246","","","","","","65687",0,5539414,,"",,,0,,"","",6,6,,True,False,0,0,0,"","55845","SOUTIEN LPS6_30006_M_PRETO","lps6-2058048","","",""
"I","Soutien",5539418,"30006_G_PRETO","",50,"Soutien com bojo estilo strappy, lindo e Sexy !","","",False,1,1,True,0,34.99,34.99,0,0,0,,,False,False,"","","","132247","","","","","","65687",0,5539414,,"",,,0,,"","",6,6,,True,False,0,0,0,"","55845","SOUTIEN LPS6_30006_G_PRETO","lps6-4172916","","",""
"I","Soutien",5539419,"30006_M_VERMELH","",50,"Soutien com bojo estilo strappy, lindo e Sexy !","","",False,1,1,True,0,34.99,34.99,0,0,0,,,False,False,"","","","132246","","","","","","65691",0,5539414,,"",,,0,,"","",6,6,,True,False,0,0,0,"","55845","SOUTIEN LPS6_30006_M_VERMELH","lps6-12698001","","",""
"I","Soutien",5540677,"30007_M_AMARELO","",50,"Soutien todo em renda na frente e Tule atrás,ideal para usar com blusas cujo o soutien não deve aparecer.","","",False,1,1,True,0,22.9,22.9,0,0,0,,,False,False,"","","","132246","","","","","","65971",0,5540676,,"",,,0,,"","",6,6,,True,False,0,0,0,"","998564","SOUTIEN LPS7_30007_M_Amarelo","lps7-5172366","","",""
"I","Soutien",5540678,"30007_P_BRANCO","",50,"Soutien todo em renda na frente e Tule atrás,ideal para usar com blusas cujo o soutien não deve aparecer.","","",False,1,1,True,0,22.9,22.9,0,0,0,,,False,False,"","","","132245","","","","","","65688",0,5540676,,"",,,0,,"","",6,6,,True,False,0,0,0,"","998564","SOUTIEN LPS7_30007_P_Branco","lps7-33446902","","",""
"I","Soutien",5540679,"30007_P_Preto","",50,"outien todo em renda na frente e Tule atrás,ideal para usar com blusas cujo o soutien não deve aparecer.","","",False,1,1,True,0,22.9,22.9,0,0,0,,,False,False,"","","","132245","","","","","","65687",0,5540676,,"",,,0,,"","",6,6,,True,False,0,0,0,"","998564","SOUTIEN LPS7_30007_P_Preto","lps7-50413150","","",""
"I","Soutien",5540680,"30007_M_PRETO ","",50,"Soutien todo em renda na frente e Tule atrás,ideal para usar com blusas cujo o soutien não deve aparecer.","","",False,1,1,True,0,22.9,22.9,0,0,0,,,False,False,"","","","132246","","","","","","65687",0,5540676,,"",,,0,,"","",6,6,,True,False,0,0,0,"","998564","SOUTIEN LPS7_30007_M_Preto","lps7-10030765","","",""
"I","Soutien",5540681,"30007_G_PRETO","",50,"Soutien todo em renda na frente e Tule atrás,ideal para usar com blusas cujo o soutien não deve aparecer.","","",False,1,1,True,0,22.9,22.9,0,0,0,,,False,False,"","","","132247","","","","","","65687",0,5540676,,"",,,0,,"","",6,6,,True,False,0,0,0,"","998564","SOUTIEN LPS7_30007_G_Preto","lps7-87516421","","",""
"I","Soutien",5540683,"30008_P_BRANCO","",50,"Soutien modelo Strappy com Bojo, detalhes em tule bordado verde com Salmão.","","",False,1,1,True,0,33,33,0,0,0,,,False,False,"","","","132245","","","","","","66648",0,5540682,,"",,,0,,"","",6,6,,True,False,0,0,0,"","3885690","SOUTIEN LPS8_30008_P_Branco","lps8-45766848","","",""
"I","Soutien",5540684,"30008_G_VERDE","",50,"Soutien modelo Strappy com Bojo, detalhes em tule bordado em vermelho.","","",False,1,1,True,0,33,33,0,0,0,,,False,False,"","","","132247","","","","","","66645",0,5540682,,"",,,0,,"","",6,6,,True,False,0,0,0,"","3885690","SOUTIEN LPS8_30008_G_Verde","lps8-87022036","","",""
"I","Soutien",5540685,"30008_M_PRETO","",50,"Soutien modelo Strappy com Bojo, detalhes em tule bordado vinho e marron.","","",False,1,1,True,0,33,33,0,0,0,,,False,False,"","","","132246","","","","","","66646",0,5540682,,"",,,0,,"","",6,6,,True,False,0,0,0,"","3885690","SOUTIEN LPS8_30008_M_Preto","lps8-81274050","","",""
"I","Soutien",5541533,"30010_P_PRETO","",50,"Soutien com bojo, decote Profundo com alça removível","","",False,1,1,True,0,37.98,47.98,37.98,0,0,01/01/2017,31/01/2017,False,False,"","","","132245","","","","","","65687",0,5541532,,"",,,0,,"","",6,6,,True,False,0,0,0,"","1005698","LPS10_30010_P_Preto","lps10-27302188","","",""
"I","Soutien",5541534,"30010_M_PRETO","",50,"Soutien com bojo, decote Profundo com alça removível","","",False,1,1,True,0,37.98,47.98,37.98,0,0,01/01/2017,31/01/2017,False,False,"","","","132246","","","","","","65687",0,5541532,,"",,,0,,"","",6,6,,True,False,0,0,0,"","1005698","LPS10_30010_M_Preto","lps10-94469851","","",""
"I","Soutien",5541535,"30010_G_PRETO","",50,"Soutien com bojo, decote Profundo com alça removível","","",False,1,1,True,0,37.98,47.98,37.98,0,0,01/01/2017,31/01/2017,False,False,"","","","132247","","","","","","65687",0,5541532,,"",,,0,,"","",6,6,,True,False,0,0,0,"","1005698","LPS10_30010_G_Preto","lps10-86988467","","",""
"I","Soutien",5541526,"30009_M_BRANCO","",50,"Soutien com bojo em Microfibra, modelo Strappy nas costas.","","",False,1,1,True,0,29.9,29.9,0,0,0,,,False,True,"","","","132246","","","","","","65688",0,5541522,,"",,,0,,"","",6,6,,True,False,0,0,0,"","30014","SOUTIEN LPS9_30009_M_Branco","lps9-64211672","","",""
"I","Soutien",5541527,"30009_P_Rosa","",50,"Soutien com bojo em Microfibra, modelo Strappy nas costas.","","",False,1,1,True,0,29.9,29.9,0,0,0,,,False,True,"","","","132245","","","","","","65972",0,5541522,,"",,,0,,"","",6,6,,True,False,0,0,0,"","30014","SOUTIEN LPS9_30009_P_Rosa","lps9-42814273","","",""
"I","Soutien",5598349,"30011_P_BRANCO","",50,"Soutien multifuncional com 11 formas de uso, ideal para todos os tipos de roupas.","","",False,1,1,True,0,45.9,45.9,0,0,0,,,False,False,"","","","132245","","","","","","65688",0,5598346,,"",,,0,,"","",6,6,,True,False,0,0,0,"","3648","SOUTIEN LPS11_30011_P_BRANCO","soutien-lps11-3059024","","",""
"I","Soutien",5598357,"30011_M_CHOCOLA","",50,"Soutien multifuncional com 11 formas de uso, ideal para todos os tipos de roupas.","","",False,1,1,True,0,45.9,45.9,0,0,0,,,False,False,"","","","132246","","","","","","66651",0,5598346,,"",,,0,,"","",6,6,,True,False,0,0,0,"","3648","SOUTIEN LPS11_30011_M_CHOCOLATE","soutien-lps11-87572878","","",""
"I","Soutien",5598536,"30013_M_AZUL MA","",50,"Soutien com click inteligente, pode ser usado normal ou cruzado nas costas adequando com a roupa.","","",False,1,1,True,0,36.8,36.8,0,0,0,,,False,False,"","","","132246","","","","","","66655",0,5598528,,"",,,0,,"","",6,6,,True,False,0,0,0,"","3781","SOUTIEN LPS13_30013_M_AZUL MARINHO","soutien-lps13-54285830","","",""
"I","Soutien",5598544,"30013_M_BEGE","",50,"Soutien com click inteligente, pode ser usado normal ou cruzado nas costas adequando com a roupa.","","",False,1,1,True,0,36.8,36.8,0,0,0,,,False,False,"","","","132246","","","","","","66656",0,5598528,,"",,,0,,"","",6,6,,True,False,0,0,0,"","3781","SOUTIEN LPS13_30013_M_BEGE","soutien-lps13-27367801","","",""
"I","Soutien",5598551,"30013_G_BRANCO","",50,"Soutien com click inteligente, pode ser usado normal ou cruzado nas costas adequando com a roupa.","","",False,1,1,True,0,36.8,36.8,0,0,0,,,False,False,"","","","132247","","","","","","65688",0,5598528,,"",,,0,,"","",6,6,,True,False,0,0,0,"","3781","SOUTIEN LPS13_30013_G_BRANCO","soutien-lps13-24760074","","",""
"I","Soutien",5598780,"30017_M_PRETO","",50,"Soutien Strappy estilo nadador, super estiloso sem perder o conforto","","",False,1,1,True,0,38.5,38.5,0,0,0,,,False,False,"","","","132246","","","","","","65687",0,5598776,,"",,,0,,"","",6,6,,True,False,0,0,0,"","3815","SOUTIEN LPS17_30017_M_PRETO","soutien-lps17-92678469","","",""
"I","Soutien",5598785,"30017_P_BEGE","",50,"Soutien Strappy estilo nadador, super estiloso sem perder o conforto","","",False,1,1,True,0,38.5,38.5,0,0,0,,,False,False,"","","","132245","","","","","","66656",0,5598776,,"",,,0,,"","",6,6,,True,False,0,0,0,"","3815","SOUTIEN LPS17_30017_P_BEGE","soutien-lps17-31618899","","",""
"I","Soutien",5598697,"30016_M_PRETO","",50,"Soutien com bojo decote em V e alças multifuncionais","","",False,1,1,True,0,40,40,0,0,0,,,False,False,"","","","132246","","","","","","65687",0,5598676,,"",,,0,,"","",6,6,,True,False,0,0,0,"","3804","SOUTIEN LPS16_30016_M_PRETO","soutien-lps16-39884585","","",""
"I","Soutien",5598709,"30016_P_BRANCO","",50,"Soutien com bojo decote em V e alças multifuncionais","","",False,1,1,True,0,40,40,0,0,0,,,False,False,"","","","132245","","","","","","65688",0,5598676,,"",,,0,,"","",6,6,,True,False,0,0,0,"","3804","SOUTIEN LPS16_30016_P_BRANCO","soutien-lps16-44257754","","",""
"I","Soutien",5598723,"30016_M_BEGE","",50,"Soutien com bojo decote em V e alças multifuncionais","","",False,1,1,True,0,40,40,0,0,0,,,False,False,"","","","132246","","","","","","66656",0,5598676,,"",,,0,,"","",6,6,,True,False,0,0,0,"","3804","SOUTIEN LPS16_30016_M_BEGE","soutien-lps16-54006594","","",""
"I","Soutien",5598724,"30016_G_BEGE","",50,"Soutien com bojo decote em V e alças multifuncionais","","",False,1,1,True,0,40,40,0,0,0,,,False,False,"","","","132247","","","","","","66656",0,5598676,,"",,,0,,"","",6,6,,True,False,0,0,0,"","3804","SOUTIEN LPS16_30016_G_BEGE","soutien-lps16-46357363","","",""
"I","Soutien",5598395,"30012_P_SALMÃO","",50,"Soutien em renda com bojo, Delicado e elegante.","","",False,1,1,True,0,39.9,39.9,0,0,0,,,False,False,"","","","132245","","","","","","66001",0,5598391,,"",,,0,,"","",6,6,,True,False,0,0,0,"","3773","SOUTIEN LPS12_30012_P_SALMÃO","soutien-lps12-98070925","","",""
"I","Soutien",5598399,"30012_M_BRANCO","",50,"Soutien em renda com bojo, Delicado e elegante.","","",False,1,1,True,0,39.9,39.9,0,0,0,,,False,False,"","","","132246","","","","","","65688",0,5598391,,"",,,0,,"","",6,6,,True,False,0,0,0,"","3773","SOUTIEN LPS12_30012_M_BRANCO","soutien-lps12-12742252","","",""
"I","Soutien",5598610,"30014_M_VERMELH","",50,"Soutien com bojo e detalhes em renda, lindo e delicado.","","",False,1,1,True,0,41.5,41.5,0,0,0,,,False,False,"","","","132246","","","","","","65691",0,5598605,,"",,,0,,"","",6,6,,True,False,0,0,0,"","3789","SOUTIEN LPS14_30014_M_VERMELHO","soutien-lps14-1203555","","",""
"I","Soutien",5598613,"30014_G_BEGE","",50,"Soutien com bojo e detalhes em renda, lindo e delicado.","","",False,1,1,True,0,41.5,41.5,0,0,0,,,False,False,"","","","132247","","","","","","66656",0,5598605,,"",,,0,,"","",6,6,,True,False,0,0,0,"","3789","SOUTIEN LPS14_30014_G_BEGE","soutien-lps14-26501101","","",""
"I","Soutien",5598637,"30015_G_PRETO","",50,"Sutiã alongado com bolso utilitário embutido, super pratico e confortável.","","",False,1,1,True,0,38.9,38.9,0,0,0,,,False,False,"","","","132247","","","","","","65687",0,5598630,,"",,,0,,"","",6,6,,True,False,0,0,0,"","3792","SOUTIEN LPS15_30015_G_PRETO","soutien-lps15-7922000","","",""
"I","Soutien",5598640,"30015_P_PRETO","",50,"Sutiã alongado com bolso utilitário embutido, super pratico e confortável.","","",False,1,1,True,0,38.9,38.9,0,0,0,,,False,False,"","","","132245","","","","","","65687",0,5598630,,"",,,0,,"","",6,6,,True,False,0,0,0,"","3792","SOUTIEN LPS15_30015_P_PRETO","soutien-lps15-8759708","","",""
"I","Soutien",5598642,"30015_M_PRETO","",50,"Sutiã alongado com bolso utilitário embutido, super pratico e confortável.","","",False,1,1,True,0,38.9,38.9,0,0,0,,,False,False,"","","","132246","","","","","","65687",0,5598630,,"",,,0,,"","",6,6,,True,False,0,0,0,"","3792","SOUTIEN LPS15_30015_M_PRETO","soutien-lps15-35117740","","",""
"I","Soutien",5521164,"30001","SOUTIEN LPS1",50,"Soutien plus size com detalhes em renda, Lindo e perfeito para o dia a dia.",". Soutien plussize reforçado.
. Não tem bojo em microfibra.
. Tem detalhes em tule bordado.
. Composto por:
82% de poliamida
18% de elastano.
","",False,1,1,True,0,21.99,21.99,0,0,0,,,False,False,"LPS1_150.JPG","LPS1_350.JPG","LPS1_500.JPG","","","","Soutien plus size com detalhes em renda","","","",0,,717,"",,,0,,"","Lingerie, sutiã,soutien,plus,size,conforto,dia,microfibra,renda",6,6,,True,False,0,0,0,"","1504","LPS1","soutien--adapt-68006533","","Soutien plus size, com detalhes em renda, dia a dia, em microfibra",""
"I","Soutien",5541532,"30010","SOUTIEN LPS10",50,"Soutien com bojo, decote Profundo com alça removível",".Soutien Decote profundo 
.Com bojo 
.Com sustentação abaixo dos seios.
.Alças removíveis.
.Comporto por:
82% poliamida
18% elastano

","",False,3,1,True,0,37.98,47.98,37.98,0,0,01/01/2017,31/01/2017,False,False,"LPS10_150.JPG","LPS10_350.JPG","LPS10_500.JPG","","","","Soutien decote Profundo","","","",0,,717,"",,,0,,"","lingerie,soutien,sutiã,alças,removível,bojo,sustentação,decote",6,6,,True,False,0,0,0,"","1005698","LPS10","lps10-71210879","","Soutien com bojo, decote baixo, decote profundo, com sustentação, alças removíveis",""
"I","Soutien",5598346,"30011","SOUTIEN LPS11",50,"Soutien multifuncional com 11 formas de uso, ideal para todos os tipos de roupas.",".Soutien em Microfibra
.Com Bojo
.Multifuncional
.Alça removivel
.Com 11 posições para alça","",False,2,1,True,0,45.9,45.9,0,0,0,,,False,False,"LPS11_150.JPG","LPS11_350.JPG","LPS11_500.JPG","","","","SOUTIEN MULTIFUNCIONAL","","","",0,,717,"",,,0,,"","lingerie,sutiã,soutien,microfibra,bojo,multifuncional,pratico,removivel,alças,onze,formas,posições,decotes.",6,6,,True,False,0,0,0,"","3648","LPS11","soutien-lps11-63047427","","Soutien em Microfibra,Com BojO E Multifuncional,Alça removivel,Com 11 posições para alça,super pratico.",""
"I","Soutien",5598391,"30012","SOUTIEN LPS12",50,"Soutien em renda com bojo, Delicado e elegante.",".Soutien de microfibra
.Em renda
.Com Bojo","",False,2,1,True,0,49.9,39.9,0,0,0,,,False,False,"LPS12_150.JPG","LPS12_350.JPG","LPS12_500.JPG","","","","","","","",0,,717,"",,,0,,"","lingerie,soutien,sutiã,bojo,microfibra,renda,bonito,elegante,confortável",6,6,,True,False,0,0,0,"","3773","SOUTIEN LPS12","soutien-lps12-45386905","","Soutien de microfibra,Em renda,Com Bojo,bonito e elegante",""
"I","Soutien",5598528,"30013","SOUTIEN LPS13",50,"Soutien com click inteligente, pode ser usado normal ou cruzado nas costas adequando com a roupa.",".Soutien com Bojo 
.Com click Inteligente nas costas
.Ultrafirmador
.Ideal para mulheres com seios volumosos
.Pode ser usado normal ou cruzado nas costas","",False,3,1,True,0,36.8,36.8,0,0,0,,,False,False,"LPS13_150.JPG","LPS13_350.JPG","LPS13_500.JPG","","","","SOUTIEN COM CLICK INTELIGENTE","","","",0,,717,"",,,0,,"","lingerie,soutien,sutiã,bojo,click,costas,alças,inteligente,ultrafirmador,seios,volumosos,cruzado.",6,6,,True,False,0,0,0,"","3781","SOUTIEN LPS13","soutien-lps13-65908450","","Soutien com Bojo,Com click Inteligente, nas costas,Ultrafirmador,seios volumosos,cruzado nas costas",""
"I","Soutien",5598605,"30014","SOUTIEN LPS14",50,"Soutien com bojo e detalhes em renda, lindo e delicado.",".Soutien com bojo
.Detalhes em renda
.Tecido com um toque aveludado e macio
.Valoriza o decote","",False,2,1,True,0,41.5,41.5,0,0,0,,,False,False,"LPS14_150.JPG","LPS14_350.JPG","LPS14_500.JPG","","","","SOUTIEN COM DETALHE EM RENDA","","","",0,,717,"",,,0,,"","lingerie,soutien,sutiã,bojo,renda,aveludado,macio,decote,delicado.",6,6,,True,False,0,0,0,"","3789","SOUTIEN LPS14","soutien-lps14-7017154","","Soutien com bojo,Detalhes em renda,Tecido aveludado, tecido macio,Valoriza o decote.",""
"I","Soutien",5598630,"30015","SOUTIEN LPS15",50,"Sutiã alongado com bolso utilitário embutido, super pratico e confortável.",".Soutien com Bojo
.Soutien Alongado
.Super confortável
.Lateral com bolso utilitário embutido.","",False,3,1,True,0,38.9,38.9,0,0,0,,,False,False,"LPS15_150.JPG","LPS15_350.JPG","LPS15_500.JPG","","","","SOUTIEN ALONGADO COM BOLSO","","","",0,,717,"",,,0,,"","LINGERIE,SOUTIEN,SUTIÃ,BOJO,ACADEMIA,CONFORTO,BOLSO,EMBUTIDO,UTILITÁRIO",6,6,,True,False,0,0,0,"","3792","LPS15","soutien-lps15-65639895","","Soutien com Bojo,Soutien Alongado,Super confortável,Lateral com bolso utilitário embutido.",""
"I","Soutien",5598676,"30016","SOUTIEN LPS16",50,"Soutien com bojo decote em V e alças multifuncionais.",".Soutien com Bojo
.Decote em V
.Acompanha kit com 3 alças removíveis
.Com alças Multifuncionais
.Com 12 opções diferentes de alças
.Efeito tomara que caia
","",False,4,1,True,0,40,40,0,0,0,,,False,False,"LPS16_150.JPG","LPS16_350.JPG","LPS16_500.JPG","","","","SOUTIEN DECOTE EM V","","","",0,,717,"",,,0,,"","lingerie,sutiã,soutien,decote,V,alças,removiveis,multifuncional,tomara,que,caia.",6,6,,True,False,0,0,0,"","3804","SOUTIEN LPS16","soutien-lps16-83658999","","Soutien com Bojo,Decote em V,kit com 3 alças removíveis,alças Multifuncionais,12 opções diferentes de alças,tomara que caia",""
"I","Soutien",5598776,"30017","SOUTIEN LPS17",50,"Soutien Strappy estilo nadador.",".Soutien com bojo
.Estilo Strappy
.Costas estilo Nadador
.Sem aros
.Tecido drop","",False,2,1,True,0,38.5,38.5,0,0,0,,,False,False,"LPS17_150.JPG","LPS17_350.JPG","LPS17_500.JPG","","","","SOUTIEN NADADOR ESTILO STRAPPY","","","",0,,717,"",,,0,,"","LINGERIE,SOUTIEN,SUTIÃ,STRAPPY,NADADOR,AROS,TECIDO,DROP,CONFORTAVEL.",6,6,,True,False,0,0,0,"","3815","LPS17","soutien-lps17-99074953","","Soutien com bojo,Estilo Strappy,Costas estilo Nadador,Sem aros,Tecido drop",""
"I","Soutien",5521163,"30002","SOUTIEN LPS2",50,"Soutien de bojo, trabalhado em renda ideal para usar com blusas cujo o soutien não deve aparecer. Veste super bem no corpo.",". Com bojo
. Trabalhado em  renda.
. Com alças removíveis de silicone.
. Composto por:
82% de poliamida 
18% de elastano
","",False,6,1,True,0,22.99,22.99,0,0,0,,,False,False,"LPS2_150.JPG","LPS2_350.JPG","LPS3_500.JPG","","","","Soutien de bojo detalhes em renda","","","",0,,717,"",,,0,,"","LINGERIE, SOUTIEN,SUTIÃ,TRANSPARENTE,ALÇA,SILICONE,RENDA,BOJO",6,6,,True,False,0,0,0,"","44587","LPS2","soutien--transparent-39638919","","SOUTIEN COM ALÇA TRANSPARENTE, DETALHES EM RENDA, COM BOJO ALÇAS DE SILICONE",""
"I","Soutien",5521174,"30003","SOUTIEN LPS3",50,"Soutien strappy com bojo, Incrivelmente Lindo.",". Estilo strappy.
. Modelo de bojo 
. Bojos P e M na bolha.
. Em tulle liso
Composto por:
82% poliamida
18% elastano","",False,2,1,True,0,32.99,32.99,0,0,0,,,True,False,"LPS3_150.JPG","LPS3_350.JPG","LPS3_50.JPG","","","","Soutien strappy com bojo","","","",0,,717,"",,,0,,"","lingerie,sutiã,soutien,strappy,corpet,tule,algodão,bojo",6,6,,True,False,0,0,0,"","719965","LPS3","soutien-new-82195681","","Estilo strappy,Modelo de bojo,Em tule liso,",""
"I","Soutien",5539414,"30006","SOUTIEN LPS6",50,"Soutien com bojo estilo strappy, lindo e Sexy !

",".Cropped todo em renda
.Estilo strappy
.Com bojos P e M na bolha
.Composto por:
82% de poliamida 
18% de elastano","",False,5,1,True,0,34.99,34.99,0,0,0,,,False,True,"LPS6_150.JPG","LPS6_350.JPG","LPS6_500.JPG","","","","Soutien com bojo estilo strappy","","","",0,,717,"",,,0,,"","Lingerie,soutien,sutiã,strappy,bojo,renda,moderno,bojo",6,6,,True,False,0,0,0,"","55845","LPS1","lps6-19977969","","Cropped todo em renda,Estilo strappy,com bojo",""
"I","Soutien",5540676,"30007","SOUTIEN LPS7",50,"Soutien todo em renda na frente e Tule atrás,ideal para usar com blusas cujo o soutien não deve aparecer.",".Soutien em Renda
.Tecido em Tule na parte de trás
.Bojo P na bolha
.Composto por:
82% de poliamida
18% de elastano

Obs. Não colocar em máquinas de lavar e não esfregar o tule, é um tecido fino e delicado.","",False,5,1,True,0,22.9,22.9,0,0,0,,,True,False,"LPS7_150.JPG","LPS7_350.JPG","LPS7_500.JPG","","","","Soutien todo em renda na frente e Tule atrás.","","","",0,,717,"",,,0,,"","soutien,sutiã,lingerie,tule,costas,bojo,renda,feixo",6,6,,True,False,0,0,0,"","998564","LPS7","lps7-18122500","","soutien em renda, não aparece atras, costas em tule,com bojo",""
"I","Soutien",5540682,"30008","SOUTIEN LPS8",50,"Soutien modelo Strappy com Bojo, detalhes em tule bordado.",".Modelo strappy
.Soutien em microfibra lisa
.Detalhes em tule bordado
.Com bojo
.Composto por:
82% de poliamida 
18% elastano
Forro 100% algodão","",False,3,1,True,0,33,33,0,0,0,,,False,False,"LPS8_150.JPG","LPS8_350.JPG","LPS8_500.JPG","","","","Soutien estilo Strappy","","","",0,,717,"",,,0,,"","lingerie,soutien,sutiã,modelo,strappy,detalhes,tule,bordado,microfibra,bojo",6,6,,True,False,0,0,0,"","3885690","LPS8","lps8-76009768","","Soutien em microfibra,Modelo strappy,tule bordado,com bojo",""
"I","Soutien",5541522,"30009","SOUTIEN LPS9",50,"Soutien com bojo em Microfibra, modelo Strappy nas costas.",".Soutien em microfibra 
.Modelo strappy nas costas
.Com Bojo
.Comporto por:
82% poliester
18% elastano","",False,2,1,True,0,29.9,29.9,0,0,0,,,False,True,"LPS9_150.JPG","LPS9_350.JPG","LPS9_500.JPG","","","","Soutien com bojo modelo Strappy nas costas","","","",0,,717,"",,,0,,"","soutien,sutiã, strappy,costas,lingerie,bojo,microfibra",6,6,,True,False,0,0,0,"","30014","LPS9","lps9-5244083","","Soutien em microfibra,Modelo strappy, nas costa,Com Bojo",""
